annotation_id,image_id,category_id,bbox_x,bbox_y,bbox_w,bbox_h,score
1,1,12246,560,74,389,401,0.9917
2,1,3831,599,677,254,473,0.9507
3,1,1899,158,252,200,123,0.853
4,1,3831,600,678,255,472,0.3577
5,10,3482,101,235,409,216,0.9517
6,10,1899,645,843,189,186,0.8823
7,10,2482,103,807,237,236,0.7432
8,10,3742,643,289,186,181,0.4167
9,100,2482,587,131,227,223,0.9771
10,100,3543,515,791,386,208,0.8833
11,100,1899,132,243,192,160,0.7852
12,100,35205,45,749,305,300,0.3867
13,1003,28762,608,791,271,207,0.9971
14,1003,29666,36,162,442,411,0.9849
15,1003,19551,648,186,191,177,0.9448
16,1003,33008,122,772,316,272,0.9365
17,1004,28762,125,305,268,201,0.9917
18,1004,19551,141,892,196,192,0.9341
19,1004,29666,511,664,453,427,0.8999
20,1004,33008,564,261,301,264,0.813
21,1005,19551,619,178,186,182,0.9863
22,1005,29666,25,132,431,416,0.9805
23,1005,28762,578,758,276,208,0.8726
24,1005,33008,86,726,318,282,0.4263
25,1005,21770,86,725,318,283,0.2524
26,1006,20013,618,196,226,216,0.9932
27,1006,33207,46,174,444,426,0.9897
28,1006,31862,46,857,378,216,0.9839
29,1006,28762,602,846,277,186,0.9028
30,1007,20013,590,191,221,212,0.9917
31,1007,31862,13,813,380,220,0.9873
32,1007,33207,31,155,430,422,0.9551
33,1007,28762,575,810,279,191,0.7461
34,1009,19606,545,186,238,230,0.9878
35,1009,30307,79,198,200,192,0.9868
36,1009,31862,13,812,379,220,0.9868
37,1009,28762,574,809,280,191,0.9053
38,1010,19606,575,194,240,231,0.9863
39,1010,31862,47,856,376,218,0.9819
40,1010,28762,602,844,276,187,0.8154
41,1012,2482,613,158,227,223,0.9678
42,1012,3831,570,628,259,484,0.873
43,1012,1899,142,241,196,128,0.6724
44,1012,4542,140,702,181,298,0.4226
45,1012,4542,139,702,182,298,0.3074
46,1013,2482,103,866,242,236,0.937
47,1013,3831,151,147,248,452,0.8511
48,1013,1899,633,890,210,139,0.6567
49,1014,2482,642,165,233,221,0.9854
50,1014,3831,599,677,254,473,0.9531
51,1014,1899,158,252,200,123,0.8696
52,1014,3831,600,677,255,473,0.314
53,1015,29450,72,125,387,408,0.9917
54,1015,28762,652,750,206,266,0.9902
55,1015,29344,115,771,331,228,0.9863
56,1015,21770,664,174,220,400,0.9731
57,1016,29344,542,296,328,230,0.9893
58,1016,29450,538,724,398,405,0.9819
59,1016,21770,98,673,233,408,0.9512
60,1016,28762,143,291,209,256,0.813
61,1018,21324,90,860,228,230,0.9966
62,1018,28762,124,306,268,200,0.9927
63,1018,29450,442,740,465,308,0.9927
64,1018,33008,562,257,298,263,0.9487
65,1019,28762,608,792,269,206,0.9961
66,1019,29450,92,210,462,299,0.9893
67,1019,21324,667,183,226,212,0.9868
68,1019,33008,127,778,315,272,0.9849
69,1019,29450,93,212,460,299,0.8154
70,102,2482,616,136,234,225,0.9492
71,102,3543,545,835,372,200,0.8901
72,102,1899,148,254,197,163,0.8345
73,102,35205,79,796,300,290,0.3025
74,1020,29450,78,188,449,299,0.999
75,1020,21324,637,177,221,213,0.9873
76,1020,33008,93,733,319,273,0.7866
77,1020,28762,577,759,274,207,0.5469
78,1022,12246,626,24,284,464,0.9858
79,1022,12777,582,810,213,205,0.8833
80,1022,3482,32,797,425,227,0.7578
81,1022,12777,582,811,213,203,0.4863
82,1023,12246,655,31,289,473,0.978
83,1023,12777,611,844,208,196,0.9409
84,1023,3482,68,841,417,216,0.8354
85,1023,1899,167,249,180,179,0.6841
86,1025,29344,543,296,328,229,0.9883
87,1025,32309,643,862,220,209,0.9722
88,1025,19606,110,838,246,241,0.9346
89,1025,28762,144,290,210,256,0.9019
90,1026,29344,114,770,332,230,0.9878
91,1026,28762,651,751,208,267,0.9868
92,1026,19606,631,190,241,232,0.9639
93,1026,32309,133,204,215,203,0.9609
94,1027,22361,190,285,198,233,0.9956
95,1027,20876,599,262,187,186,0.9692
96,1027,18356,353,883,190,190,0.9419
97,1028,18356,391,157,184,188,0.9731
98,1028,22361,552,708,206,244,0.9697
99,1028,19551,136,781,189,186,0.9619
100,1029,22361,595,798,198,242,0.9868
101,1029,18356,435,216,183,182,0.8818
102,1029,19551,179,866,185,191,0.855
103,1030,29666,45,148,442,407,0.9019
104,1030,28762,578,759,274,208,0.8774
105,1030,21770,571,117,250,380,0.8672
106,1030,33008,88,725,318,283,0.4609
107,1030,21770,89,725,318,284,0.3398
108,1034,32309,649,882,225,213,0.9873
109,1034,31884,638,277,220,168,0.9629
110,1034,28762,148,220,247,217,0.9565
111,1039,31862,47,856,377,218,0.9863
112,1039,19606,575,194,242,230,0.9707
113,1039,32309,128,214,212,202,0.9053
114,1039,28762,602,846,276,186,0.8154
115,104,24849,106,612,251,364,0.9858
116,104,18356,323,204,184,186,0.9634
117,1041,32309,653,852,222,212,0.9907
118,1041,31862,574,232,366,217,0.8311
119,1041,19606,167,833,247,243,0.7417
120,1041,28762,124,272,270,187,0.6387
121,1043,24849,50,631,271,347,0.9849
122,1043,21770,515,606,242,412,0.9683
123,1043,18356,312,169,185,186,0.9185
124,1044,24849,94,725,268,352,0.9883
125,1044,21770,558,703,232,404,0.9746
126,1044,18356,354,227,184,183,0.9082
127,1045,29344,41,759,324,246,0.9897
128,1045,28762,622,717,212,270,0.9888
129,1045,32309,133,212,212,201,0.9429
130,1045,21324,593,176,220,216,0.9185
131,1046,29344,74,803,323,240,0.9873
132,1046,28762,651,750,208,268,0.9858
133,1046,32309,150,221,215,202,0.981
134,1046,21324,623,182,223,212,0.9692
135,1047,29344,592,261,316,237,0.9917
136,1047,32309,625,844,222,211,0.9902
137,1047,28762,144,290,210,256,0.9038
138,1047,21324,134,861,229,227,0.8311
139,1050,18146,614,777,245,409,0.9824
140,1050,13394,645,87,205,481,0.9219
141,1051,16261,144,115,206,424,0.8662
142,1051,13394,85,679,230,475,0.8662
143,1051,33207,491,665,374,460,0.3721
144,1053,13394,616,60,220,473,0.9224
145,1053,13899,107,802,269,271,0.9131
146,1053,16261,590,701,215,446,0.8447
147,1055,33879,53,37,417,477,0.9922
148,1055,28762,570,766,276,205,0.9766
149,1055,21324,645,186,220,213,0.9658
150,1055,33008,81,733,326,263,0.7759
151,1056,28762,599,800,272,202,0.9814
152,1056,33879,64,53,432,489,0.9766
153,1056,21324,675,190,225,214,0.9653
154,1056,33008,117,778,320,263,0.9424
155,1057,16550,110,831,252,252,0.9932
156,1057,13394,603,75,252,460,0.9434
157,1057,16231,80,69,327,506,0.7944
158,1057,16261,647,710,213,444,0.7417
159,1058,13394,594,113,257,443,0.9624
160,1058,16550,110,842,259,264,0.9087
161,1058,16231,88,106,321,503,0.8428
162,1058,16261,656,712,212,457,0.7549
163,1060,16550,554,204,248,250,0.9883
164,1060,13394,112,679,216,491,0.8916
165,1060,16261,119,56,233,471,0.8599
166,1064,20013,618,196,226,216,0.9932
167,1064,31862,47,857,377,216,0.98
168,1064,29666,59,136,445,409,0.9678
169,1064,28762,602,846,276,186,0.9419
170,1065,20013,137,851,231,224,0.9849
171,1065,31862,573,232,367,217,0.7983
172,1065,28762,124,272,270,188,0.7881
173,1065,29666,485,689,455,425,0.728
174,1067,33879,558,676,401,524,0.9917
175,1067,19606,118,845,247,244,0.8872
176,1067,28762,132,289,276,169,0.8345
177,1067,32309,678,256,211,195,0.4495
178,1069,2482,645,165,233,223,0.9814
179,1069,3742,115,202,191,184,0.9775
180,1069,1899,626,890,200,136,0.2583
181,1070,3742,685,880,198,192,0.9517
182,1070,2482,100,864,241,237,0.9487
183,1073,28762,535,776,267,222,0.9746
184,1073,34596,144,774,177,204,0.9565
185,1073,30307,116,199,200,190,0.9126
186,1073,22073,633,177,182,244,0.8662
187,1075,36636,612,143,199,196,0.9531
188,1075,35205,102,160,202,198,0.9302
189,1075,12246,94,597,335,455,0.5332
190,1075,12246,602,770,208,223,0.2783
191,1076,12246,534,195,324,433,0.9731
192,1076,36636,134,917,210,211,0.9438
193,1076,35205,669,899,215,212,0.9419
194,1077,35205,117,166,208,200,0.9639
195,1077,12246,130,647,326,452,0.958
196,1077,36636,640,143,206,199,0.7041
197,1079,29344,72,802,321,240,0.9888
198,1079,30307,120,219,205,195,0.9873
199,1079,28762,647,754,209,268,0.9839
200,1079,21324,623,184,223,216,0.9561
201,108,18146,590,745,250,407,0.9727
202,108,13394,598,89,247,467,0.9219
203,108,16550,143,844,252,253,0.9116
204,108,16231,111,36,283,531,0.874
205,1080,28762,621,721,211,269,0.9883
206,1080,29344,38,758,324,248,0.9858
207,1080,21324,595,180,219,215,0.9829
208,1080,30307,104,211,199,192,0.9424
209,1081,12246,482,204,456,322,0.9243
210,1081,1899,612,901,202,134,0.3345
211,1085,33207,34,127,438,413,0.9932
212,1085,28762,624,717,211,269,0.9873
213,1085,29344,86,727,331,236,0.9756
214,1085,19551,626,221,187,183,0.9517
215,1085,19551,626,220,187,183,0.498
216,1087,35205,133,174,203,199,0.9888
217,1087,12246,87,590,295,480,0.9321
218,1089,12246,583,186,286,452,0.9741
219,1089,35205,635,886,213,213,0.9712
220,1089,24849,149,152,254,411,0.4785
221,109,33207,584,719,382,490,0.978
222,109,28762,147,221,248,217,0.9565
223,109,31884,638,277,219,169,0.9497
224,109,21770,108,775,298,388,0.502
225,1092,2482,85,913,241,239,0.9858
226,1092,1899,651,848,208,160,0.875
227,1093,31884,638,277,218,169,0.9546
228,1093,29666,503,696,454,428,0.9438
229,1093,28762,148,221,247,217,0.938
230,1093,19606,101,850,248,244,0.9189
231,1095,29666,44,127,443,412,0.9883
232,1095,19606,639,178,242,228,0.9878
233,1095,31884,127,865,218,168,0.9731
234,1095,28762,599,869,257,227,0.9126
235,1096,12246,482,115,440,326,0.9541
236,1096,35205,92,195,203,200,0.9438
237,1096,12246,546,779,310,238,0.5796
238,1097,35205,108,205,207,201,0.9854
239,1097,12246,510,128,449,326,0.9209
240,1097,12246,574,818,305,228,0.3577
241,1098,35205,678,861,213,211,0.981
242,1098,12246,20,788,471,342,0.9028
243,110,31884,127,866,218,168,0.9785
244,110,33207,43,44,374,484,0.9526
245,110,28762,600,868,256,228,0.9468
246,110,21770,584,95,284,377,0.9175
247,1100,33879,47,103,415,486,0.9956
248,1100,28762,535,776,267,222,0.9409
249,1100,34596,144,774,177,205,0.9277
250,1100,22073,634,177,181,244,0.9253
251,1101,33879,64,124,422,491,0.9858
252,1101,28762,564,814,263,216,0.9409
253,1101,34596,178,813,172,200,0.8042
254,1101,22073,664,180,186,249,0.7578
255,1105,21770,602,125,252,386,0.9941
256,1105,28762,609,792,269,206,0.9917
257,1105,30307,112,211,206,195,0.9678
258,1105,33008,123,772,313,271,0.939
259,1109,19606,623,182,240,230,0.9824
260,1109,28762,591,844,280,168,0.9712
261,1109,32309,141,225,211,200,0.8896
262,1109,32309,97,853,216,204,0.3721
263,1111,28762,561,809,282,173,0.9756
264,1111,32309,63,812,220,207,0.8276
265,1111,32309,115,189,209,197,0.7153
266,1111,21324,604,174,215,215,0.5566
267,1114,29450,559,698,393,419,0.9624
268,1114,28762,132,289,275,170,0.8833
269,1114,21770,106,686,202,416,0.6807
270,1114,32309,677,256,211,195,0.6094
271,1115,29450,43,124,376,404,0.9844
272,1115,28762,562,809,282,173,0.9756
273,1115,21770,651,143,198,396,0.9028
274,1115,32309,63,813,219,207,0.2612
275,1116,29450,58,143,386,409,0.9883
276,1116,28762,592,846,279,167,0.9785
277,1116,32309,96,854,216,202,0.3523
278,1116,21770,681,154,198,402,0.314
279,1118,35205,677,859,213,212,0.9541
280,1118,12246,198,238,171,237,0.8926
281,1118,2482,101,881,237,238,0.873
282,1119,35205,108,206,208,200,0.9868
283,1119,2482,645,145,230,224,0.9722
284,1119,12246,631,824,172,243,0.5757
285,112,35205,126,235,207,200,0.9829
286,112,12246,158,589,303,462,0.9819
287,112,3543,560,809,369,206,0.9458
288,112,19606,633,200,223,212,0.3174
289,1121,32309,620,858,223,214,0.9839
290,1121,21324,140,871,226,226,0.8091
291,1121,28762,126,272,269,186,0.7842
292,1123,28762,125,305,268,203,0.9946
293,1123,33207,497,672,442,433,0.9785
294,1123,33008,564,261,301,264,0.9092
295,1123,19606,153,803,245,243,0.8896
296,1125,28762,609,792,269,206,0.9971
297,1125,33207,66,159,440,423,0.9941
298,1125,19606,591,227,241,229,0.9897
299,1125,33008,122,771,316,272,0.9375
300,1126,29344,544,296,328,231,0.9883
301,1126,33879,517,731,456,476,0.9883
302,1126,19606,111,836,247,243,0.9346
303,1126,28762,144,290,210,256,0.9194
304,1129,28762,125,306,267,200,0.9922
305,1129,30307,682,827,210,204,0.9849
306,1129,20013,110,856,232,224,0.9761
307,1129,33008,564,261,301,263,0.8857
308,113,12246,532,230,301,454,0.9824
309,113,3543,78,268,361,221,0.9761
310,113,35205,658,834,214,209,0.9751
311,1135,12246,610,55,281,477,0.937
312,1135,3543,546,834,370,199,0.9028
313,1135,1899,147,254,197,162,0.7188
314,1135,35205,80,796,300,291,0.4072
315,1136,12246,89,706,290,487,0.979
316,1136,3543,87,256,367,207,0.9771
317,1136,1899,646,852,199,171,0.6094
318,1136,35205,613,224,294,285,0.3469
319,1138,28762,563,809,282,173,0.9727
320,1138,20013,593,174,221,212,0.9707
321,1138,29666,32,95,363,470,0.7798
322,1138,32309,64,814,220,207,0.2644
323,114,12246,125,539,306,470,0.978
324,114,35205,110,224,203,200,0.9756
325,114,3543,530,766,375,223,0.9551
326,114,19606,605,190,218,215,0.2751
327,1140,20013,623,176,227,214,0.9932
328,1140,28762,592,846,279,167,0.9756
329,1140,29666,48,118,372,473,0.8726
330,1140,32309,99,855,216,203,0.4648
331,1141,16550,554,193,249,252,0.9878
332,1141,13394,68,651,301,450,0.9375
333,1141,16547,67,116,229,428,0.8291
334,1141,16547,66,119,230,424,0.6582
335,1142,16550,120,821,253,253,0.9897
336,1142,13394,577,119,292,447,0.9692
337,1142,16547,648,704,242,448,0.8428
338,1142,16547,650,705,237,445,0.498
339,1143,16550,122,833,259,263,0.9941
340,1143,13394,568,157,298,426,0.96
341,1143,16547,653,709,251,457,0.6479
342,1143,16547,655,711,250,454,0.5137
343,1144,33879,46,172,432,490,0.9941
344,1144,19606,574,195,240,230,0.9829
345,1144,31862,47,857,378,216,0.9829
346,1144,28762,603,846,274,184,0.8457
347,1148,18356,382,160,184,188,0.9731
348,1148,27925,558,633,265,304,0.9634
349,1148,19551,146,731,192,191,0.9536
350,1149,18356,428,221,183,180,0.9854
351,1149,19551,188,820,191,191,0.9766
352,1149,27925,598,721,260,307,0.9341
353,115,28762,124,306,268,200,0.9937
354,115,33207,495,648,419,462,0.9902
355,115,33008,561,257,299,263,0.9868
356,1150,28762,562,814,264,216,0.9634
357,1150,29666,85,63,397,453,0.9507
358,1150,34596,177,813,173,200,0.8174
359,1150,21324,629,163,222,214,0.7476
360,1150,34596,176,813,173,200,0.304
361,1153,19551,647,175,189,185,0.9717
362,1153,31884,127,866,218,168,0.9717
363,1153,28762,600,868,255,228,0.9385
364,1153,30307,145,209,207,196,0.895
365,1154,30307,127,201,201,193,0.981
366,1154,28762,571,834,262,233,0.98
367,1154,31884,91,827,224,173,0.9419
368,1154,19551,617,172,185,181,0.9385
369,1155,30307,642,862,211,204,0.9849
370,1155,19551,145,900,192,190,0.9595
371,1155,28762,148,221,247,216,0.9517
372,1155,31884,638,277,219,168,0.9458
373,1156,22361,183,284,205,227,0.9902
374,1156,19606,574,309,240,233,0.9531
375,1156,18356,393,859,188,188,0.5488
376,1157,22361,554,716,212,238,0.9844
377,1157,19606,111,678,247,242,0.9717
378,1157,18356,355,181,183,187,0.958
379,1158,19606,156,767,242,237,0.9854
380,1158,22361,594,806,206,236,0.981
381,1158,18356,398,241,181,182,0.9214
382,1159,24849,155,302,237,350,0.9883
383,1159,18356,402,808,189,188,0.9829
384,1159,19551,648,295,184,190,0.6533
385,1161,18356,387,279,184,182,0.9795
386,1161,24849,584,617,244,369,0.9751
387,1161,19551,132,816,187,186,0.9717
388,1163,12246,40,609,304,463,0.9922
389,1163,35205,118,184,208,200,0.9502
390,1163,3482,493,806,411,234,0.9092
391,1164,12246,12,558,300,474,0.9893
392,1164,35205,103,178,203,200,0.9707
393,1164,3482,464,766,415,244,0.9053
394,1166,33207,571,687,389,483,0.9927
395,1166,31862,571,186,330,284,0.9541
396,1166,28762,125,272,269,187,0.6636
397,1166,33207,571,687,389,483,0.502
398,1166,22073,130,829,180,266,0.3486
399,1167,31862,86,828,345,300,0.9731
400,1167,33207,48,92,384,472,0.9512
401,1167,28762,601,846,277,186,0.8672
402,1167,22073,672,172,176,256,0.8447
403,1168,29450,46,18,345,423,0.9717
404,1168,31862,49,787,350,299,0.9668
405,1168,21324,591,168,219,217,0.959
406,1168,28762,573,810,279,191,0.8857
407,1170,29450,57,24,357,439,0.9727
408,1170,31862,86,829,343,300,0.9697
409,1170,28762,601,845,277,186,0.7744
410,1170,21324,620,172,223,216,0.4668
411,1171,35205,122,180,203,200,0.9683
412,1171,2482,580,746,237,231,0.9614
413,1171,36636,640,151,200,198,0.8955
414,1173,35205,647,877,213,211,0.9717
415,1173,2482,162,288,228,222,0.9644
416,1173,36636,105,905,211,210,0.8345
417,1174,29450,577,758,389,424,0.9683
418,1174,21324,127,862,226,228,0.9214
419,1174,28762,133,288,275,170,0.8896
420,1174,32309,678,256,211,196,0.4824
421,1176,29450,44,78,381,412,0.9873
422,1176,28762,591,846,278,167,0.9727
423,1176,21324,631,180,222,212,0.8931
424,1178,33879,103,52,401,498,0.9902
425,1178,28762,537,778,267,223,0.981
426,1178,20013,575,192,221,211,0.9741
427,1178,34596,145,776,177,204,0.9097
428,118,22361,62,310,229,214,0.9971
429,118,19860,422,78,432,517,0.9858
430,118,18356,458,847,187,189,0.9238
431,1180,18356,394,915,189,192,0.9785
432,1180,20237,186,305,167,225,0.9727
433,1180,25366,492,235,327,255,0.7607
434,1184,2482,145,880,238,236,0.8164
435,1184,4542,680,829,181,299,0.5488
436,1184,1899,189,272,200,138,0.3774
437,1185,2482,604,150,232,222,0.9663
438,1185,12080,140,144,175,291,0.644
439,1185,1899,611,902,202,132,0.3721
440,1186,13394,81,680,236,470,0.9204
441,1186,16687,518,561,310,486,0.9185
442,1186,16261,143,115,207,423,0.8643
443,1186,13899,553,189,266,266,0.4475
444,1187,16687,116,158,306,488,0.9629
445,1187,13394,610,61,228,471,0.9258
446,1187,13899,107,802,270,271,0.8818
447,1187,16261,591,703,215,444,0.8765
448,1189,13899,119,787,317,316,0.9844
449,1189,13394,588,78,245,467,0.9292
450,1189,16547,605,709,233,448,0.3293
451,119,19860,74,575,460,580,0.9336
452,119,22361,650,706,226,223,0.9053
453,119,18356,293,193,184,187,0.8882
454,1190,13899,124,800,319,323,0.979
455,1190,13394,586,113,232,452,0.9551
456,1190,16547,614,720,237,455,0.4941
457,1191,13394,86,668,253,467,0.937
458,1191,13899,492,166,313,296,0.9263
459,1191,16547,112,113,223,423,0.6353
460,1191,16231,534,580,302,490,0.3887
461,1192,3543,89,256,365,207,0.9751
462,1192,12246,86,699,285,486,0.9634
463,1192,1899,647,852,199,171,0.541
464,1192,12080,651,209,167,269,0.5254
465,1194,12246,615,67,286,470,0.9795
466,1194,3543,546,835,372,200,0.9229
467,1194,1899,148,253,197,164,0.6113
468,1194,12080,169,820,172,288,0.2766
469,1196,28762,172,279,256,211,0.9878
470,1196,34596,639,293,170,192,0.9834
471,1196,21770,144,709,229,407,0.9551
472,1196,32309,616,888,218,208,0.8066
473,1197,21770,619,141,220,397,0.9873
474,1197,32309,162,178,216,205,0.8726
475,1197,28762,567,812,263,216,0.7578
476,1197,34596,179,813,173,201,0.6978
477,1197,34596,179,814,174,200,0.4746
478,1198,20013,605,196,225,213,0.9897
479,1198,32309,130,215,213,203,0.9727
480,1198,28762,566,815,264,217,0.9688
481,1198,34596,179,815,173,201,0.7388
482,1198,34596,178,815,174,200,0.3557
483,1199,20013,150,851,232,223,0.9922
484,1199,28762,172,276,257,211,0.9888
485,1199,34596,639,292,170,192,0.9829
486,1199,32309,647,850,223,212,0.7969
487,1199,32309,648,850,221,212,0.363
488,120,18356,335,255,182,181,0.9858
489,120,19860,115,674,456,596,0.959
490,120,22361,689,796,227,217,0.9502
491,1201,35205,143,187,205,199,0.9824
492,1201,2482,587,210,227,224,0.9805
493,1204,20876,686,263,182,186,0.9824
494,1204,27732,69,217,337,250,0.9805
495,1204,18356,391,862,192,192,0.9502
496,1206,18356,397,224,181,182,0.9824
497,1206,20876,92,853,184,186,0.978
498,1206,27732,566,816,351,270,0.9482
499,1207,28762,171,279,257,211,0.9902
500,1207,34596,639,293,170,192,0.9839
501,1207,19551,150,826,195,193,0.5962
502,1207,30307,686,812,211,206,0.541
503,1209,30307,102,260,205,195,0.9648
504,1209,19551,645,252,186,179,0.9512
505,1209,34596,179,813,173,201,0.7959
506,1209,34596,179,814,174,200,0.498
507,1209,28762,567,811,264,218,0.2815
508,1210,28762,652,750,206,267,0.9893
509,1210,29344,115,770,331,230,0.9878
510,1210,29666,68,143,466,382,0.9839
511,1210,21770,663,174,221,400,0.959
512,1212,29344,543,296,328,230,0.9883
513,1212,29666,454,710,478,398,0.9585
514,1212,21770,98,673,234,408,0.9336
515,1212,28762,143,291,209,256,0.8291
516,1213,16550,128,837,251,253,0.9966
517,1213,13394,660,63,201,483,0.8765
518,1213,16261,591,682,238,487,0.793
519,1214,16550,129,846,259,264,0.9941
520,1214,13394,652,101,196,466,0.9136
521,1214,16261,596,686,249,492,0.626
522,1216,12246,615,181,282,460,0.9736
523,1216,35205,659,866,216,212,0.9731
524,1216,3831,160,172,258,460,0.6479
525,1219,12246,63,585,333,460,0.9824
526,1219,35205,103,240,203,200,0.9624
527,1219,12080,580,671,279,441,0.873
528,122,31862,49,787,351,299,0.9565
529,122,21324,591,168,219,218,0.9419
530,122,28762,573,810,279,192,0.9292
531,122,33207,57,92,359,472,0.9126
532,1220,12080,607,706,276,441,0.9897
533,1220,12246,92,634,338,448,0.9858
534,1220,35205,120,251,207,200,0.9785
535,1222,28762,563,809,282,173,0.9761
536,1222,22073,611,202,188,244,0.9209
537,1222,32309,63,814,218,207,0.8291
538,1222,33207,91,103,315,491,0.3594
539,1224,28762,592,846,278,167,0.9771
540,1224,22073,641,208,191,249,0.8706
541,1226,33879,123,7,315,538,0.9775
542,1226,31884,127,866,217,166,0.9731
543,1226,21770,585,95,282,376,0.9365
544,1226,28762,600,869,256,227,0.9175
545,1227,33879,554,694,323,554,0.9858
546,1227,31884,639,277,218,168,0.9414
547,1227,28762,148,221,246,217,0.9136
548,1227,21770,109,775,295,388,0.5508
549,1232,29344,594,261,317,237,0.9927
550,1232,33879,547,662,401,520,0.9883
551,1232,28762,146,288,211,256,0.9824
552,1232,21324,133,858,229,227,0.9727
553,1235,2482,622,145,234,225,0.9751
554,1235,3742,160,807,187,184,0.9741
555,1235,3543,545,836,372,198,0.8374
556,1235,1899,149,253,196,163,0.7563
557,1237,2482,615,188,233,224,0.9424
558,1237,1899,104,269,201,124,0.6372
559,1238,2482,131,841,239,238,0.9878
560,1238,1899,682,876,213,138,0.7266
561,1239,2482,587,179,227,226,0.9629
562,1239,1899,88,257,198,130,0.3174
563,124,12246,2,770,364,448,0.9761
564,124,3742,685,881,198,192,0.9355
565,124,1899,176,280,199,136,0.2878
566,1242,12080,90,708,280,443,0.9697
567,1242,12246,548,93,288,464,0.9399
568,1242,1899,160,258,126,198,0.8091
569,1243,21770,602,126,252,386,0.9932
570,1243,28762,608,790,270,207,0.9878
571,1243,29450,72,139,369,424,0.9858
572,1243,33008,123,771,314,272,0.9473
573,1244,28762,124,306,267,201,0.9941
574,1244,21770,125,733,265,398,0.9873
575,1244,29450,563,685,375,434,0.9658
576,1244,33008,565,261,299,264,0.709
577,1245,29450,58,121,361,417,0.9756
578,1245,21770,571,116,249,381,0.9331
579,1245,28762,579,758,274,208,0.8911
580,1245,33008,89,726,315,282,0.541
581,1245,21770,89,726,315,283,0.3486
582,1246,19606,576,186,236,230,0.9907
583,1246,28762,535,778,267,222,0.9839
584,1246,34596,144,776,178,204,0.9038
585,1246,29666,59,89,392,453,0.7388
586,1248,34596,640,292,170,193,0.981
587,1248,28762,174,277,257,210,0.981
588,1248,29666,524,668,408,472,0.9751
589,1248,19606,138,837,246,242,0.9067
590,125,3742,116,203,191,183,0.9678
591,125,12246,627,34,345,437,0.937
592,125,1899,627,890,200,136,0.3123
593,1250,13394,607,97,215,456,0.9302
594,1250,16231,108,64,288,517,0.8276
595,1250,16261,593,704,226,457,0.8042
596,1250,13899,109,811,274,279,0.564
597,1251,13394,81,680,236,470,0.8857
598,1251,16261,143,115,207,423,0.8242
599,1251,16231,553,649,288,519,0.4648
600,1252,29450,79,82,393,406,0.9902
601,1252,29344,72,801,321,242,0.9883
602,1252,28762,648,753,208,268,0.9868
603,1252,21324,623,184,223,217,0.9624
604,1254,21324,594,180,220,216,0.9883
605,1254,28762,621,720,211,270,0.9873
606,1254,29344,39,758,323,248,0.9863
607,1254,29450,68,71,379,400,0.9736
608,1256,12246,89,666,297,480,0.7812
609,1256,3350,655,273,157,148,0.6636
610,1256,1899,644,833,169,192,0.3293
611,126,12246,599,30,339,427,0.9678
612,126,3742,99,194,187,181,0.9331
613,1261,28762,591,846,278,167,0.9722
614,1261,30307,142,170,204,195,0.9683
615,1261,19551,648,232,191,179,0.9585
616,1261,32309,96,853,217,204,0.3611
617,1262,28762,561,809,283,174,0.9731
618,1262,30307,126,165,199,192,0.9468
619,1262,19551,620,221,186,181,0.8311
620,1262,32309,63,813,219,207,0.7983
621,1263,30307,648,900,209,208,0.9834
622,1263,19551,141,846,194,191,0.9575
623,1263,28762,132,288,274,171,0.9033
624,1263,32309,678,255,211,195,0.4321
625,1264,25468,639,320,202,205,0.9849
626,1264,18356,391,863,189,188,0.9434
627,1264,22073,228,318,205,240,0.8408
628,1265,18356,355,176,185,189,0.9355
629,1265,25468,81,704,207,213,0.8848
630,1265,22073,505,661,210,253,0.646
631,1266,22073,547,752,206,246,0.9526
632,1266,18356,398,237,184,182,0.938
633,1266,25468,122,791,205,205,0.937
634,1269,22361,619,762,176,258,0.9854
635,1269,22073,215,770,211,240,0.9541
636,1269,18356,363,233,181,181,0.9414
637,1269,22073,215,770,211,240,0.6548
638,127,18146,619,779,255,419,0.9912
639,127,13394,637,120,206,463,0.9072
640,127,13899,138,858,272,282,0.4456
641,1270,2482,115,852,240,235,0.9717
642,1270,3831,152,149,249,449,0.8789
643,1270,1899,633,891,210,139,0.562
644,1272,3831,598,677,254,472,0.9673
645,1272,2482,631,177,235,224,0.9194
646,1272,1899,158,251,201,123,0.8833
647,1273,16550,554,202,247,250,0.9897
648,1273,13394,104,682,229,480,0.9351
649,1273,16261,116,56,233,469,0.7944
650,1274,16550,124,810,252,255,0.9937
651,1274,16261,590,718,235,488,0.9629
652,1274,13394,599,51,220,479,0.915
653,1278,18356,418,257,182,181,0.9844
654,1278,19231,153,603,304,419,0.9844
655,1278,22346,621,705,189,295,0.9775
656,1279,12246,87,770,292,488,0.9814
657,1279,3742,675,287,186,178,0.9419
658,1279,1899,648,854,207,154,0.854
659,128,18146,611,776,246,411,0.9834
660,128,13394,645,79,203,488,0.9053
661,128,13899,137,848,269,271,0.6074
662,1280,12246,575,0,281,454,0.9917
663,1280,3742,89,810,195,188,0.9775
664,1280,1899,121,258,197,147,0.731
665,1282,13899,494,125,313,303,0.874
666,1282,16261,90,86,224,475,0.7969
667,1282,13394,52,660,210,480,0.6567
668,1282,16687,513,594,298,488,0.5469
669,1284,13899,113,826,319,322,0.9736
670,1284,13394,665,73,211,494,0.9136
671,1284,16261,629,674,232,496,0.854
672,1284,16687,125,120,301,493,0.7266
673,1284,16687,125,121,302,493,0.3667
674,129,18146,82,74,250,390,0.9473
675,129,13394,76,632,206,506,0.9253
676,129,13899,522,148,266,267,0.3276
677,1290,12080,595,536,269,437,0.9629
678,1290,2482,537,140,232,223,0.9341
679,1290,1899,162,256,128,198,0.9072
680,1293,28762,537,778,267,223,0.9878
681,1293,20013,577,192,220,211,0.9678
682,1293,34596,145,776,177,204,0.9038
683,1293,29450,120,87,300,448,0.7744
684,1293,20013,577,191,220,211,0.3074
685,1294,29666,11,53,412,445,0.9785
686,1294,28762,592,846,278,166,0.96
687,1294,21770,680,153,199,403,0.3794
688,1294,32309,96,853,216,204,0.3293
689,1295,28762,562,809,281,173,0.9536
690,1295,21770,650,144,199,396,0.8623
691,1295,29666,5,32,396,443,0.5776
692,1295,32309,63,813,218,207,0.4534
693,1296,28762,132,288,275,172,0.8965
694,1296,21770,106,686,202,416,0.7295
695,1296,29666,572,735,403,465,0.5679
696,1296,32309,677,256,212,195,0.4551
697,1297,36636,688,274,181,171,0.9946
698,1297,36636,158,892,211,209,0.9902
699,1297,2482,154,246,228,224,0.9473
700,1297,35205,643,918,215,213,0.4036
701,1298,36636,618,169,203,199,0.9961
702,1298,2482,619,830,232,225,0.9565
703,1298,35205,140,144,208,200,0.9414
704,1298,36636,118,861,181,179,0.7759
705,13,18356,429,852,188,190,0.9819
706,13,27776,477,245,437,272,0.9746
707,13,19551,143,330,191,188,0.9663
708,130,34596,639,293,171,193,0.9868
709,130,28762,173,279,257,211,0.9829
710,130,29450,510,765,458,315,0.9805
711,130,22073,127,827,195,258,0.7744
712,1300,33879,70,125,454,466,0.9854
713,1300,28762,591,846,277,167,0.978
714,1300,21324,631,181,222,213,0.875
715,1302,33879,58,105,446,465,0.9902
716,1302,28762,561,810,282,173,0.96
717,1302,32309,63,812,218,207,0.7734
718,1302,21324,604,175,215,215,0.769
719,1305,12246,82,676,327,460,0.9839
720,1305,3831,601,162,253,446,0.9209
721,1305,1899,635,891,210,138,0.6299
722,1309,33008,562,255,298,264,0.9941
723,1309,21324,89,860,228,230,0.9937
724,1309,28762,124,305,267,200,0.9937
725,1309,32309,584,871,220,208,0.9746
726,1311,21324,638,176,220,214,0.9868
727,1311,28762,578,758,275,208,0.958
728,1311,32309,176,187,207,197,0.8706
729,1311,33008,92,733,319,273,0.8301
730,1312,13394,613,57,254,464,0.8418
731,1312,16261,593,688,240,482,0.6113
732,1315,25366,543,209,296,287,0.8916
733,1315,19860,144,91,275,598,0.8872
734,1315,18356,422,878,189,191,0.7563
735,1316,19860,520,471,288,668,0.9961
736,1316,25366,80,695,307,301,0.9692
737,1316,18356,326,163,184,185,0.8164
738,132,29450,27,177,459,311,0.9966
739,132,28762,566,813,262,216,0.9551
740,132,22073,663,180,187,249,0.7593
741,132,34596,178,813,174,200,0.6655
742,132,34596,179,813,173,201,0.4377
743,1322,13394,82,680,235,472,0.8989
744,1322,16261,143,115,206,424,0.8672
745,1322,13899,553,190,266,266,0.5156
746,1323,13394,612,61,225,470,0.9312
747,1323,16261,590,702,215,445,0.8774
748,1323,13899,107,802,269,272,0.8345
749,1326,24849,160,673,268,351,0.9893
750,1326,18356,369,245,181,181,0.9761
751,1326,20013,600,840,225,220,0.9033
752,1327,3482,510,242,408,218,0.9731
753,1327,2482,168,816,237,235,0.9355
754,1327,1899,646,843,188,190,0.6152
755,1327,22346,177,233,193,260,0.5176
756,1328,2482,582,217,230,224,0.9541
757,1328,1899,167,249,181,179,0.874
758,1328,3482,67,841,417,218,0.7637
759,1328,22346,629,809,198,270,0.7358
760,1329,2482,554,207,228,224,0.9727
761,1329,22346,599,775,207,279,0.8174
762,1329,3482,31,796,426,228,0.7188
763,1329,1899,149,239,179,179,0.3999
764,1330,31862,88,828,343,300,0.98
765,1330,21770,615,119,228,397,0.9771
766,1330,29666,92,166,441,418,0.959
767,1330,28762,602,846,276,184,0.8901
768,1331,21770,587,112,221,389,0.9917
769,1331,29666,76,139,430,420,0.9434
770,1331,31862,51,787,347,300,0.9321
771,1331,28762,574,809,280,191,0.9248
772,1332,21770,138,728,244,408,0.9922
773,1332,31862,571,186,328,284,0.9893
774,1332,28762,124,273,270,186,0.6792
775,1332,29666,459,652,447,432,0.4072
776,1333,25437,579,282,338,316,0.9839
777,1333,18356,401,922,189,191,0.9736
778,1333,22073,158,284,194,246,0.9341
779,1337,2482,578,186,232,226,0.978
780,1337,1899,168,248,181,177,0.8896
781,1337,3482,495,823,397,262,0.5698
782,134,33879,41,9,346,516,0.9834
783,134,28762,562,809,281,173,0.9702
784,134,21770,651,144,198,395,0.8911
785,134,32309,63,813,218,207,0.6807
786,1340,4542,582,286,288,169,0.9868
787,1340,2482,188,824,237,236,0.9517
788,1340,1899,644,857,206,155,0.7217
789,1345,33879,165,128,417,500,0.9819
790,1345,31862,85,829,344,298,0.9263
791,1345,21324,619,173,223,216,0.7373
792,1345,28762,600,846,276,186,0.728
793,1345,33879,165,132,416,495,0.4609
794,1345,28762,601,846,276,184,0.3416
795,1347,33879,419,617,416,508,0.9932
796,1347,31862,572,188,329,282,0.9863
797,1347,21324,142,871,227,225,0.9458
798,1347,28762,126,272,268,186,0.6299
799,1348,20876,674,308,182,188,0.9902
800,1348,25468,186,266,202,204,0.9565
801,1348,18356,362,879,189,191,0.8408
802,135,33879,48,22,361,527,0.9888
803,135,28762,592,846,277,166,0.9531
804,135,32309,96,854,217,203,0.3311
805,135,21770,681,154,199,402,0.3191
806,1350,18356,426,220,184,181,0.9736
807,1350,20876,106,814,182,186,0.9287
808,1350,25468,587,858,203,204,0.855
809,1353,28762,172,280,257,211,0.9868
810,1353,34596,639,293,169,193,0.9819
811,1353,29666,514,684,435,449,0.9248
812,1353,19551,150,826,196,192,0.6021
813,1354,29344,543,297,328,229,0.9893
814,1354,29450,582,736,327,459,0.9087
815,1354,28762,143,291,208,256,0.8784
816,1354,22073,165,799,191,259,0.7505
817,1355,28762,623,716,211,268,0.9839
818,1355,29344,87,727,330,236,0.9683
819,1355,22073,603,203,179,246,0.9429
820,1355,29450,84,46,312,442,0.9238
821,1357,36636,626,815,188,183,0.9937
822,1357,35205,94,228,204,200,0.9746
823,1357,2482,578,168,229,223,0.9512
824,1358,35205,110,239,208,201,0.9565
825,1358,2482,609,176,230,223,0.9565
826,1358,36636,654,850,184,178,0.9541
827,1359,36636,166,279,180,176,0.9951
828,1359,35205,674,828,213,211,0.981
829,1359,2482,141,854,237,233,0.9756
830,136,12246,80,657,308,479,0.9419
831,136,1899,652,850,206,159,0.7891
832,1361,21324,626,689,231,230,0.979
833,1361,18356,357,148,182,186,0.9727
834,1361,25366,167,649,242,355,0.8672
835,1363,27776,452,241,429,293,0.9888
836,1363,19606,120,294,240,236,0.9839
837,1363,18356,433,887,187,190,0.9751
838,1366,21324,126,861,226,229,0.9087
839,1366,28762,133,289,275,169,0.7476
840,1366,30307,663,837,211,205,0.7075
841,1366,32309,678,256,211,195,0.4534
842,1367,28762,561,809,283,174,0.981
843,1367,30307,107,226,202,191,0.9604
844,1367,32309,63,812,220,206,0.6318
845,1367,21324,605,175,215,215,0.4072
846,1369,19606,639,177,242,230,0.9834
847,1369,30307,119,213,206,196,0.9805
848,1369,31884,127,866,218,168,0.9614
849,1369,28762,600,869,255,228,0.9185
850,1371,19606,609,172,238,228,0.9888
851,1371,28762,571,835,262,232,0.9771
852,1371,31884,91,827,224,173,0.9443
853,1371,30307,104,206,201,192,0.9272
854,1372,13899,76,812,319,324,0.9707
855,1372,13394,596,124,284,429,0.959
856,1372,16261,615,700,237,500,0.8965
857,1376,12777,154,296,203,194,0.9775
858,1376,12246,89,706,288,485,0.9775
859,1376,3543,588,243,354,235,0.9702
860,1376,1899,643,854,204,168,0.7607
861,1377,12777,643,807,206,199,0.98
862,1377,12246,610,58,280,476,0.9282
863,1377,1899,146,254,200,158,0.8345
864,1377,3543,42,820,365,238,0.3416
865,1378,30307,622,870,213,205,0.9575
866,1378,31884,639,277,218,168,0.9409
867,1378,28762,148,220,246,217,0.9375
868,1378,21770,110,775,294,388,0.728
869,1379,31884,126,866,218,167,0.9683
870,1379,30307,162,202,206,195,0.9609
871,1379,21770,586,95,280,376,0.9565
872,1379,28762,600,869,256,227,0.9287
873,1381,18356,407,844,189,190,0.9736
874,1381,27732,33,237,364,232,0.9668
875,1384,20013,605,196,225,213,0.9922
876,1384,33207,53,91,411,456,0.979
877,1384,28762,566,814,264,218,0.9668
878,1384,34596,178,815,173,201,0.7842
879,1384,34596,178,815,174,200,0.3867
880,1385,28762,535,777,267,224,0.9912
881,1385,33207,41,77,403,448,0.9546
882,1385,34596,144,776,178,204,0.9116
883,1385,20013,577,191,220,211,0.8672
884,1385,20013,577,191,220,211,0.8447
885,1386,20013,150,852,233,224,0.9946
886,1386,28762,173,277,257,211,0.9858
887,1386,33207,537,703,416,466,0.9858
888,1386,34596,639,292,171,193,0.981
889,1387,28762,643,758,198,271,0.9937
890,1387,20013,601,181,226,215,0.9893
891,1387,30307,112,243,206,193,0.6758
892,139,21770,588,112,218,389,0.9907
893,139,33879,8,52,386,503,0.9888
894,139,31862,51,787,347,300,0.9487
895,139,28762,573,810,280,191,0.8823
896,1390,16550,156,872,259,264,0.9961
897,1390,18146,605,748,264,414,0.9692
898,1390,13394,598,118,206,463,0.8291
899,1392,16550,155,861,252,254,0.9941
900,1392,18146,600,747,252,404,0.9707
901,1392,13394,603,79,218,482,0.8589
902,1393,34596,641,292,170,192,0.9717
903,1393,28762,174,277,256,210,0.9473
904,1393,19606,138,837,246,241,0.9375
905,1393,30307,683,871,211,205,0.9048
906,1395,19606,576,186,237,228,0.9907
907,1395,28762,535,777,267,224,0.9785
908,1395,34596,144,776,177,204,0.9385
909,1395,30307,89,193,200,192,0.9209
910,1396,13394,73,680,226,467,0.9395
911,1396,16687,513,598,318,482,0.894
912,1396,16261,84,87,227,474,0.646
913,1396,13899,523,161,265,266,0.4551
914,140,21770,617,120,225,396,0.9829
915,140,33879,14,67,404,507,0.9829
916,140,31862,86,828,342,300,0.9038
917,140,28762,602,846,276,185,0.8018
918,140,28762,602,846,276,185,0.2893
919,1401,31862,573,188,330,281,0.9316
920,1401,21324,140,871,226,226,0.9038
921,1401,28762,126,271,269,187,0.7168
922,1401,30307,651,850,211,207,0.583
923,1402,27776,462,196,385,363,0.9487
924,1402,18356,424,885,190,191,0.9204
925,1402,20013,85,334,223,219,0.646
926,1404,27776,120,739,391,376,0.9849
927,1404,20013,670,763,225,220,0.9536
928,1404,18356,366,214,183,182,0.9053
929,1407,22346,602,792,250,256,0.9907
930,1407,18356,378,230,185,183,0.9761
931,1407,27776,103,674,310,438,0.3684
932,1408,12777,658,899,218,211,0.9883
933,1408,2482,76,809,237,235,0.749
934,1408,1899,189,272,200,137,0.2783
935,1411,28762,592,845,279,167,0.9834
936,1411,29450,73,128,382,418,0.9814
937,1411,22073,641,208,191,249,0.7842
938,1411,32309,97,854,216,202,0.4495
939,1413,28762,131,289,275,170,0.9116
940,1413,29450,548,707,388,419,0.8989
941,1413,22073,148,801,196,256,0.8916
942,1413,32309,676,255,211,195,0.6758
943,1414,35205,109,194,203,198,0.9707
944,1414,3831,556,605,274,477,0.7266
945,1414,19606,600,190,218,216,0.3381
946,1414,2482,56,776,235,232,0.2698
947,1418,12246,108,653,290,484,0.8931
948,1418,1899,125,254,199,149,0.6426
949,142,2482,596,156,224,223,0.9468
950,142,1899,583,866,206,140,0.4111
951,1420,27925,101,242,291,261,0.9092
952,1420,19860,543,66,267,594,0.8267
953,1420,18356,409,876,189,188,0.585
954,1421,19860,113,502,271,675,0.9956
955,1421,18356,338,166,183,187,0.9341
956,1421,27925,555,722,299,278,0.9224
957,1424,21770,587,132,217,390,0.9888
958,1424,33879,100,79,350,516,0.9878
959,1424,28762,535,777,267,221,0.9805
960,1424,34596,145,776,176,204,0.9224
961,1425,33879,109,98,365,523,0.9893
962,1425,21770,618,142,220,396,0.9844
963,1425,28762,566,813,263,216,0.9517
964,1425,34596,178,814,174,199,0.8188
965,1429,12080,607,705,276,443,0.9873
966,1429,35205,120,251,207,200,0.9731
967,1429,2482,126,832,233,224,0.9575
968,143,2482,623,162,234,222,0.9502
969,143,1899,612,901,202,133,0.4187
970,1431,35205,103,240,203,200,0.978
971,1431,2482,94,790,235,232,0.9575
972,1431,12080,582,671,277,443,0.8765
973,1431,19606,648,206,220,216,0.2705
974,1433,22346,605,752,299,209,0.9897
975,1433,18356,368,172,181,184,0.98
976,1433,27732,0,664,301,328,0.978
977,1435,22361,170,340,171,253,0.9966
978,1435,18356,398,853,186,189,0.957
979,1435,20013,590,307,222,216,0.9551
980,1436,22361,600,624,176,266,0.9883
981,1436,18356,348,186,185,187,0.9727
982,1436,20013,110,700,228,230,0.9678
983,1438,2482,208,841,240,236,0.9541
984,1438,35205,698,857,213,211,0.9536
985,1438,38161,175,302,204,127,0.5352
986,1438,38161,175,303,204,124,0.2991
987,1439,35205,73,201,201,198,0.9712
988,1439,2482,513,179,230,225,0.9624
989,1439,38161,590,847,213,128,0.5449
990,1441,30307,119,174,201,190,0.9321
991,1441,28762,578,758,274,208,0.8589
992,1441,33008,92,734,319,273,0.8267
993,1442,28762,608,792,271,206,0.9946
994,1442,33008,128,778,314,273,0.9819
995,1442,30307,135,178,206,196,0.502
996,1444,13899,481,149,311,302,0.9434
997,1444,13394,92,680,210,493,0.895
998,1444,16261,140,115,213,421,0.5488
999,1446,13899,133,804,315,316,0.9863
1000,1446,16261,587,703,221,444,0.8335
1001,1446,13394,630,33,199,484,0.7842
1002,1447,35205,102,178,203,199,0.9785
1003,1447,3482,464,764,415,246,0.9194
1004,1449,35205,118,184,209,200,0.959
1005,1449,3482,493,807,411,235,0.9224
1006,1449,2482,82,832,233,225,0.7139
1007,1450,16550,124,810,251,255,0.9951
1008,1450,16261,591,718,233,489,0.9668
1009,1450,13394,599,50,218,479,0.8579
1010,1450,16231,114,55,284,527,0.7891
1011,1452,16550,124,823,258,264,0.9961
1012,1452,16261,602,715,232,508,0.9829
1013,1452,13394,595,91,205,459,0.939
1014,1452,16231,117,89,281,526,0.8896
1015,1453,24849,52,314,274,324,0.9907
1016,1453,18356,457,908,188,188,0.7969
1017,1453,19860,480,119,415,522,0.5928
1018,1453,19860,481,118,413,524,0.4456
1019,1455,18356,334,192,181,182,0.9771
1020,1455,24849,652,649,280,343,0.7983
1021,1455,19860,72,616,438,604,0.6895
1022,1455,24849,653,650,279,343,0.5195
1023,1458,16550,110,831,252,252,0.9922
1024,1458,13394,604,75,250,461,0.9512
1025,1458,16261,644,710,218,444,0.4416
1026,1459,13394,623,80,227,451,0.8418
1027,1459,13899,110,810,275,282,0.832
1028,1459,16547,651,696,245,457,0.8208
1029,1459,16231,74,180,309,472,0.4844
1030,1459,16547,652,696,240,456,0.3867
1031,146,28762,172,280,257,210,0.9907
1032,146,33879,557,674,403,513,0.9902
1033,146,34596,639,293,169,193,0.9873
1034,146,19551,150,825,195,193,0.4883
1035,1460,13394,49,707,254,464,0.9292
1036,1460,16547,72,128,230,426,0.7188
1037,1460,16547,75,134,224,422,0.7139
1038,1460,13899,551,189,266,266,0.7104
1039,1461,13899,107,801,270,273,0.9766
1040,1461,16547,646,688,231,448,0.8931
1041,1461,13394,628,41,241,468,0.7905
1042,1461,16231,71,147,312,481,0.6758
1043,1461,16547,645,690,230,445,0.6206
1044,1462,20013,133,869,230,225,0.9902
1045,1462,33207,525,679,420,462,0.9829
1046,1462,28762,131,288,276,172,0.9014
1047,1462,32309,676,255,212,195,0.6826
1048,1463,20013,624,177,226,215,0.9946
1049,1463,33207,60,123,416,449,0.9927
1050,1463,28762,593,846,277,167,0.9868
1051,1463,32309,98,854,216,203,0.2991
1052,1464,28762,563,809,282,175,0.9834
1053,1464,20013,594,175,221,212,0.9727
1054,1464,33207,47,107,403,443,0.9644
1055,1464,32309,64,814,219,207,0.3887
1056,1466,28762,562,809,284,175,0.9814
1057,1466,30307,107,178,198,192,0.9756
1058,1466,19606,593,176,237,227,0.9624
1059,1466,32309,63,813,218,207,0.8291
1060,1473,12246,574,92,285,474,0.9478
1061,1473,1899,617,861,197,156,0.3887
1062,1473,35205,151,220,156,149,0.3486
1063,1474,28762,608,790,271,207,0.979
1064,1474,33008,124,771,315,272,0.9292
1065,1474,29666,67,104,433,423,0.9082
1066,1476,29666,56,81,423,424,0.9858
1067,1476,28762,579,757,274,209,0.9688
1068,1476,21770,90,725,316,280,0.3867
1069,1476,33008,89,726,317,280,0.2612
1070,1477,24849,360,682,249,367,0.9814
1071,1477,18356,651,289,181,182,0.9014
1072,1477,22073,87,231,239,213,0.894
1073,148,18356,402,850,188,189,0.9727
1074,148,20013,121,300,225,218,0.9419
1075,148,27732,501,240,325,254,0.4282
1076,148,25366,501,240,325,254,0.2942
1077,1480,35205,642,876,214,211,0.9702
1078,1480,2482,174,832,239,238,0.9639
1079,1483,32309,631,896,222,214,0.9927
1080,1483,28762,148,221,247,216,0.9424
1081,1483,31884,639,277,218,168,0.9316
1082,1483,21770,110,775,294,388,0.7842
1083,1485,32309,148,168,212,202,0.9883
1084,1485,21770,586,95,281,375,0.9697
1085,1485,31884,126,866,218,168,0.9697
1086,1485,28762,600,869,255,228,0.8848
1087,1488,18356,393,207,182,180,0.979
1088,1488,25468,627,831,203,207,0.9741
1089,1488,20237,213,824,197,202,0.9248
1090,1489,20013,184,281,225,216,0.9795
1091,1489,25437,533,288,341,316,0.9683
1092,1489,18356,401,850,189,190,0.9634
1093,149,25366,94,700,334,262,0.9834
1094,149,18356,346,190,184,186,0.9736
1095,149,20013,593,711,230,226,0.9082
1096,1492,18356,379,904,189,190,0.9668
1097,1492,27992,530,300,335,351,0.8833
1098,1492,20237,184,275,159,230,0.5869
1099,1492,20237,185,274,159,231,0.4358
1100,1493,18356,368,138,181,187,0.9883
1101,1493,27992,57,546,349,376,0.9292
1102,1493,27992,57,547,349,376,0.6895
1103,1493,20237,599,720,157,238,0.5815
1104,1497,28762,566,839,257,232,0.9775
1105,1497,31884,84,826,224,173,0.9746
1106,1497,21324,608,199,220,215,0.7476
1107,15,27776,50,784,438,276,0.9854
1108,15,18356,361,247,183,182,0.9771
1109,15,19551,643,796,194,190,0.9761
1110,150,18356,389,251,183,182,0.979
1111,150,25366,140,802,328,259,0.9736
1112,150,20013,633,803,225,219,0.9458
1113,1500,18356,350,238,184,180,0.9839
1114,1500,22346,195,735,187,295,0.9526
1115,1500,27925,571,860,347,179,0.8115
1116,151,12777,185,267,202,195,0.9946
1117,151,3482,510,242,407,218,0.9756
1118,151,2482,99,819,237,236,0.9727
1119,151,1899,646,843,186,190,0.646
1120,152,2482,620,204,229,224,0.9443
1121,152,12777,582,810,213,204,0.916
1122,152,3482,32,797,425,227,0.7593
1123,152,12777,580,810,215,205,0.6426
1124,152,1899,149,239,179,180,0.2737
1125,153,2482,649,212,232,225,0.981
1126,153,12777,611,844,210,197,0.8662
1127,153,1899,167,249,181,179,0.8652
1128,153,3482,68,841,418,218,0.8633
1129,154,13394,614,56,254,465,0.8823
1130,154,16261,594,688,240,482,0.6279
1131,154,13899,109,804,272,275,0.3259
1132,155,13394,65,691,259,467,0.9448
1133,155,13899,549,186,266,264,0.8267
1134,155,16261,116,88,232,464,0.7759
1135,156,13394,604,102,259,437,0.9746
1136,156,16261,600,688,250,492,0.772
1137,157,19606,576,187,236,229,0.9902
1138,157,28762,535,778,267,223,0.9893
1139,157,33207,111,79,386,462,0.9175
1140,157,34596,144,776,178,204,0.9067
1141,159,19606,604,194,240,229,0.9814
1142,159,33207,124,96,401,466,0.9521
1143,159,28762,566,815,263,217,0.9272
1144,159,34596,178,814,173,202,0.3057
1145,159,34596,177,814,174,200,0.2737
1146,160,36636,145,915,212,211,0.9858
1147,160,12246,576,267,284,461,0.9717
1148,160,35205,626,887,215,212,0.9189
1149,160,32309,209,319,136,132,0.2554
1150,162,12246,129,539,285,471,0.9893
1151,162,35205,157,177,206,200,0.9722
1152,162,36636,628,145,207,200,0.5215
1153,163,19551,645,252,186,179,0.9517
1154,163,32309,128,174,211,203,0.8833
1155,163,28762,566,813,264,216,0.8115
1156,163,34596,179,813,174,201,0.7881
1157,163,34596,179,814,175,200,0.5962
1158,164,28762,172,279,257,210,0.9873
1159,164,34596,638,293,170,192,0.9829
1160,164,32309,652,891,223,213,0.9692
1161,164,19551,150,826,194,193,0.6187
1162,165,28762,537,775,268,222,0.979
1163,165,19551,617,239,181,179,0.9575
1164,165,34596,146,776,177,204,0.9512
1165,165,32309,111,171,208,193,0.3157
1166,17,21770,114,587,307,384,0.98
1167,17,18356,298,167,183,186,0.959
1168,17,27925,562,644,274,299,0.8823
1169,170,13394,618,81,237,450,0.8472
1170,170,16547,651,696,245,459,0.8418
1171,170,13899,109,810,275,280,0.7759
1172,170,16547,653,697,240,456,0.541
1173,172,28762,591,846,277,167,0.9819
1174,172,21324,630,181,223,213,0.9038
1175,173,28762,561,809,284,175,0.9761
1176,173,21324,604,175,215,215,0.7578
1177,173,32309,63,812,216,206,0.5737
1178,173,29450,103,49,320,492,0.3738
1179,174,21324,127,862,226,229,0.9487
1180,174,28762,132,288,275,171,0.8989
1181,174,33207,554,682,334,511,0.6479
1182,175,28762,594,873,255,228,0.875
1183,175,31884,120,864,218,168,0.8311
1184,175,29450,121,98,274,469,0.7676
1185,175,21324,640,204,223,216,0.7373
1186,176,28762,156,216,246,219,0.9868
1187,176,21324,122,840,224,227,0.9126
1188,176,31884,646,277,218,169,0.894
1189,179,20013,150,851,232,223,0.9917
1190,179,28762,173,277,257,210,0.9819
1191,179,34596,640,292,169,192,0.9805
1192,179,30307,647,834,209,205,0.9551
1193,180,28762,536,778,267,223,0.9878
1194,180,20013,577,191,220,210,0.9629
1195,180,30307,125,228,199,192,0.9424
1196,180,34596,145,776,177,204,0.9209
1197,180,20013,577,191,220,211,0.314
1198,183,12246,20,700,403,411,0.9834
1199,183,35205,643,877,213,211,0.9722
1200,185,35205,141,171,203,200,0.9854
1201,185,36636,600,144,202,196,0.9751
1202,185,2482,133,738,237,231,0.9409
1203,185,32309,625,823,145,136,0.5156
1204,186,35205,157,177,207,202,0.9727
1205,186,2482,167,781,232,226,0.9565
1206,186,36636,627,144,208,200,0.4863
1207,186,3742,655,857,137,130,0.2751
1208,189,18146,620,779,254,418,0.9883
1209,189,13394,636,124,208,460,0.8311
1210,189,16231,90,132,284,519,0.8164
1211,19,28762,610,789,271,207,0.959
1212,19,32309,101,169,215,204,0.9385
1213,19,33008,124,770,315,272,0.9111
1214,191,12246,584,573,285,477,0.9897
1215,191,35205,122,180,202,200,0.96
1216,191,36636,640,152,199,198,0.9028
1217,196,18146,83,115,255,395,0.9644
1218,196,13394,87,658,213,488,0.9458
1219,196,13899,491,126,308,302,0.8301
1220,196,16231,533,511,287,522,0.5488
1221,197,18146,605,735,255,405,0.9819
1222,197,13899,123,827,317,320,0.978
1223,197,16231,119,160,283,526,0.8916
1224,197,13394,633,63,206,489,0.8613
1225,198,18146,610,738,266,412,0.9849
1226,198,13899,125,841,321,325,0.9634
1227,198,13394,626,100,201,465,0.9092
1228,198,16231,126,192,278,523,0.8164
1229,199,29450,39,117,403,399,0.9883
1230,199,28762,562,815,264,216,0.9634
1231,199,34596,177,812,173,200,0.6738
1232,199,21324,629,163,221,213,0.6548
1233,199,34596,176,813,173,200,0.4263
1234,200,34596,641,295,171,193,0.9902
1235,200,29450,558,734,408,404,0.9619
1236,200,21324,127,880,226,228,0.959
1237,200,28762,175,278,257,212,0.7676
1238,202,29344,544,296,328,230,0.9883
1239,202,28762,145,290,209,255,0.939
1240,202,19606,111,837,246,241,0.9321
1241,202,30307,689,868,211,205,0.7881
1242,203,29344,85,727,330,236,0.9873
1243,203,19606,603,187,236,228,0.9844
1244,203,28762,623,718,210,271,0.9844
1245,203,30307,83,197,201,193,0.9326
1246,204,28762,651,751,208,268,0.9883
1247,204,29344,114,771,332,230,0.9883
1248,204,19606,631,191,242,232,0.9673
1249,204,30307,100,205,204,195,0.8018
1250,205,35205,112,163,203,199,0.9834
1251,205,2482,594,121,225,224,0.9365
1252,205,20013,621,851,139,135,0.2991
1253,205,19606,621,851,141,135,0.251
1254,210,21324,161,750,228,224,0.9961
1255,210,25468,596,876,203,203,0.9658
1256,210,18356,418,243,184,182,0.8389
1257,212,12246,481,141,437,351,0.8643
1258,213,12246,451,127,428,348,0.9258
1259,214,12777,589,799,210,204,0.9844
1260,214,12246,569,57,279,462,0.9692
1261,214,1899,142,240,196,127,0.6909
1262,214,3831,91,616,268,472,0.4941
1263,215,3831,129,669,260,467,0.9912
1264,215,12246,599,67,281,472,0.9883
1265,215,12777,617,836,207,198,0.9854
1266,215,1899,158,250,201,124,0.8291
1267,217,13394,588,77,246,468,0.937
1268,217,13899,119,787,316,316,0.9312
1269,217,13899,117,786,317,316,0.4148
1270,217,16547,604,709,233,447,0.3025
1271,219,13394,86,668,254,468,0.9463
1272,219,13899,492,167,313,297,0.9365
1273,219,16547,113,114,223,422,0.5718
1274,222,18356,406,204,182,182,0.9868
1275,222,19606,171,768,244,240,0.9668
1276,222,27925,606,741,274,300,0.8765
1277,224,31862,85,830,343,296,0.9746
1278,224,28762,601,846,277,186,0.769
1279,224,29666,108,83,352,482,0.7295
1280,224,21324,620,172,223,216,0.7075
1281,225,31862,572,188,331,282,0.9829
1282,225,21324,141,871,226,226,0.9399
1283,225,29666,533,667,362,499,0.8833
1284,225,28762,126,273,269,186,0.6479
1285,226,20013,646,190,225,213,0.9932
1286,226,30307,109,229,206,195,0.9907
1287,226,31884,127,866,218,167,0.9741
1288,226,28762,600,868,255,228,0.9048
1289,229,13899,538,152,308,299,0.9717
1290,229,13394,49,681,285,456,0.8481
1291,229,16261,100,78,237,460,0.8364
1292,229,33207,497,665,398,443,0.3328
1293,23,33207,23,88,411,436,0.9863
1294,23,28762,561,809,282,175,0.9819
1295,23,19606,593,177,237,228,0.9795
1296,23,32309,63,812,219,207,0.5273
1297,231,13899,76,812,319,323,0.9707
1298,231,13394,596,124,283,429,0.9541
1299,231,16261,614,701,237,498,0.8965
1300,232,28762,599,800,272,202,0.981
1301,232,21324,674,189,228,214,0.9639
1302,232,30307,128,234,205,195,0.96
1303,232,33008,116,777,319,263,0.9512
1304,232,30307,129,233,205,195,0.4072
1305,234,28762,570,766,276,204,0.9854
1306,234,21324,645,185,220,212,0.9834
1307,234,30307,112,224,201,191,0.9819
1308,234,33008,80,732,326,264,0.585
1309,236,32309,618,835,218,211,0.9683
1310,236,28762,131,288,276,171,0.8687
1311,236,21770,105,687,202,416,0.7852
1312,236,32309,678,256,211,194,0.4263
1313,237,28762,562,809,283,175,0.979
1314,237,21770,650,143,199,396,0.9487
1315,237,32309,63,813,219,206,0.7266
1316,237,32309,144,223,208,198,0.5371
1317,238,24849,69,262,298,295,0.9829
1318,238,19606,625,242,240,231,0.9814
1319,238,18356,402,834,187,188,0.853
1320,24,19606,623,183,240,232,0.9966
1321,24,33207,35,105,425,442,0.9878
1322,24,28762,591,846,277,167,0.9854
1323,241,27992,514,259,303,383,0.9912
1324,241,18356,410,913,190,191,0.9883
1325,241,20013,130,327,223,218,0.959
1326,243,18356,378,185,184,183,0.9888
1327,243,20013,622,770,228,224,0.9819
1328,243,27992,146,651,311,400,0.5796
1329,244,35205,127,169,207,199,0.9907
1330,244,12246,582,8,286,472,0.876
1331,244,20013,650,884,135,129,0.4668
1332,247,18146,610,736,266,412,0.9824
1333,247,13899,124,841,321,324,0.9487
1334,247,13394,625,102,199,463,0.9048
1335,248,18146,603,735,256,406,0.978
1336,248,13899,122,827,317,321,0.9746
1337,248,13394,629,64,211,484,0.9312
1338,249,18146,84,116,255,393,0.9775
1339,249,13394,85,661,217,488,0.9272
1340,249,13899,490,126,310,302,0.8579
1341,250,21324,128,208,224,222,0.9653
1342,250,18356,376,849,190,190,0.9619
1343,250,24849,545,233,237,347,0.6279
1344,250,24849,547,233,237,346,0.4263
1345,251,24849,141,600,247,364,0.9927
1346,251,18356,369,178,183,187,0.9473
1347,251,21324,587,793,230,232,0.7744
1348,251,21324,587,794,230,232,0.6206
1349,252,21324,625,886,226,224,0.9868
1350,252,24849,180,694,245,367,0.9697
1351,252,18356,411,238,183,182,0.9551
1352,253,18356,445,848,189,190,0.9883
1353,253,21770,59,256,419,217,0.9712
1354,253,27776,454,251,428,292,0.9604
1355,256,16550,542,177,247,253,0.9883
1356,256,13394,61,683,207,466,0.8999
1357,256,16261,114,91,232,467,0.8374
1358,256,16687,504,655,301,497,0.4207
1359,259,27925,110,286,269,282,0.9741
1360,259,18356,384,896,189,190,0.9473
1361,259,20013,604,278,225,220,0.7852
1362,262,28762,561,809,282,173,0.9629
1363,262,21324,603,175,216,215,0.8447
1364,262,32309,63,812,216,206,0.6636
1365,264,21324,127,861,226,230,0.9487
1366,264,28762,133,288,275,171,0.876
1367,264,29666,569,682,342,508,0.8188
1368,264,32309,678,256,211,196,0.269
1369,265,33207,598,671,377,482,0.9902
1370,265,19551,142,847,196,191,0.9453
1371,265,28762,132,288,276,171,0.874
1372,265,32309,678,256,211,195,0.6494
1373,266,33207,20,105,381,476,0.9873
1374,266,28762,591,846,279,167,0.9785
1375,266,19551,648,232,191,179,0.9673
1376,266,32309,96,854,216,203,0.3276
1377,27,16550,123,822,257,264,0.9946
1378,27,16261,600,711,230,510,0.981
1379,27,13394,600,87,201,467,0.916
1380,271,28762,624,717,211,268,0.9863
1381,271,21770,633,164,213,390,0.8843
1382,271,29344,87,727,330,236,0.7891
1383,271,30307,105,188,200,192,0.7041
1384,271,29344,87,727,329,236,0.6772
1385,273,29344,543,296,328,230,0.9878
1386,273,21770,99,674,231,408,0.9614
1387,273,30307,667,878,211,204,0.9448
1388,273,28762,143,291,209,257,0.7959
1389,274,25437,575,258,340,316,0.9756
1390,274,18356,419,890,191,191,0.7461
1391,274,20237,205,326,149,232,0.7446
1392,274,20237,205,326,150,230,0.5059
1393,275,25437,4,648,350,340,0.9722
1394,275,18356,328,150,183,187,0.9463
1395,275,20237,582,664,152,240,0.8931
1396,275,20237,581,664,153,238,0.2737
1397,277,31884,126,866,218,167,0.9785
1398,277,29450,80,98,393,400,0.8926
1399,277,28762,599,868,257,228,0.875
1400,278,31884,639,277,218,168,0.9468
1401,278,28762,147,220,248,218,0.9448
1402,278,33207,515,750,411,412,0.2783
1403,28,21770,617,142,221,397,0.9829
1404,28,33207,20,63,409,456,0.9688
1405,28,28762,565,813,264,217,0.9541
1406,28,34596,178,814,174,200,0.7505
1407,280,18356,409,867,189,190,0.9595
1408,280,19551,136,290,183,191,0.3008
1409,286,19606,576,187,236,229,0.9941
1410,286,28762,535,777,267,224,0.978
1411,286,29450,33,116,368,405,0.9756
1412,286,34596,144,776,178,204,0.9175
1413,287,34596,640,293,170,193,0.9834
1414,287,28762,173,277,257,210,0.981
1415,287,29450,576,704,388,420,0.9771
1416,287,19606,137,837,246,242,0.9282
1417,288,29450,45,132,381,416,0.9839
1418,288,19606,604,194,242,229,0.9771
1419,288,28762,566,815,262,216,0.9683
1420,288,34596,177,814,174,200,0.5508
1421,288,34596,178,814,173,201,0.5215
1422,289,18146,589,745,250,407,0.9751
1423,289,16550,143,844,253,253,0.9365
1424,289,13394,597,90,249,465,0.9355
1425,29,21770,588,132,218,390,0.9839
1426,29,28762,535,776,267,222,0.981
1427,29,33207,11,47,393,453,0.9678
1428,29,34596,145,775,177,205,0.9263
1429,291,16550,534,173,245,251,0.9917
1430,291,18146,104,108,249,392,0.9805
1431,291,13394,75,659,257,466,0.9365
1432,292,16550,546,175,245,252,0.9897
1433,292,13394,62,677,207,467,0.9326
1434,292,16261,117,88,227,467,0.7881
1435,292,16231,542,589,321,508,0.7339
1436,295,19551,643,298,191,188,0.9937
1437,295,18356,412,864,189,189,0.9829
1438,295,25437,125,195,336,312,0.9678
1439,298,12777,158,235,201,195,0.9937
1440,298,2482,163,777,236,232,0.9795
1441,298,1899,681,878,213,135,0.4902
1442,298,1899,682,876,213,137,0.2815
1443,299,12777,611,845,213,206,0.9829
1444,299,2482,561,244,230,227,0.9756
1445,299,1899,87,257,201,131,0.7705
1446,3,12246,531,66,381,395,0.9541
1447,3,3831,569,628,260,484,0.8818
1448,3,1899,142,240,196,128,0.6318
1449,3,4542,140,703,179,296,0.4226
1450,302,18356,308,161,186,187,0.9634
1451,302,25366,94,635,283,324,0.9526
1452,302,22073,567,711,237,230,0.6909
1453,304,13899,135,814,320,323,0.9844
1454,304,13394,619,65,196,477,0.8848
1455,304,16261,592,708,231,454,0.3923
1456,304,19231,592,709,232,452,0.2783
1457,304,16231,114,148,292,480,0.2766
1458,308,27925,563,607,275,293,0.9805
1459,308,18356,288,206,185,187,0.9604
1460,308,22073,115,711,192,264,0.8115
1461,31,12246,592,52,289,475,0.9937
1462,31,35205,111,239,207,201,0.9619
1463,31,36636,654,849,184,178,0.9341
1464,310,36636,140,868,210,208,0.9956
1465,310,12246,105,149,308,445,0.9785
1466,310,35205,653,890,215,213,0.9727
1467,310,38161,617,321,175,182,0.8569
1468,313,29344,38,758,324,248,0.9878
1469,313,21324,594,180,220,216,0.9863
1470,313,28762,621,721,211,269,0.9863
1471,313,29666,16,31,441,399,0.98
1472,315,29344,593,259,317,239,0.9927
1473,315,28762,145,288,211,256,0.9805
1474,315,21324,133,858,230,227,0.9746
1475,315,29666,509,786,462,420,0.5757
1476,316,35205,126,234,207,200,0.9888
1477,316,2482,167,791,234,228,0.98
1478,316,3543,559,810,371,205,0.9551
1479,316,19606,632,199,225,212,0.251
1480,317,35205,658,832,215,211,0.981
1481,317,3543,78,268,359,218,0.9731
1482,317,2482,594,283,225,223,0.9487
1483,32,36636,166,278,180,176,0.9956
1484,32,12246,104,711,293,488,0.9888
1485,32,35205,674,828,213,211,0.9756
1486,320,28762,624,718,211,268,0.9858
1487,320,29344,87,727,329,236,0.9858
1488,320,32309,135,195,210,197,0.9839
1489,320,21770,633,164,214,391,0.8818
1490,323,30307,656,877,211,205,0.9595
1491,323,28762,131,288,275,170,0.9082
1492,323,22073,148,801,195,256,0.8418
1493,323,32309,678,256,211,194,0.4436
1494,324,28762,592,846,279,167,0.9712
1495,324,30307,132,195,204,193,0.9375
1496,324,22073,640,207,192,249,0.8408
1497,324,32309,96,854,217,203,0.4243
1498,325,33879,515,703,396,526,0.9893
1499,325,34596,641,293,170,192,0.981
1500,325,19606,138,837,246,242,0.9214
1501,325,28762,174,277,256,211,0.9136
1502,327,33879,90,25,398,512,0.9902
1503,327,19606,604,195,240,228,0.9658
1504,327,28762,566,815,262,216,0.8613
1505,327,34596,178,814,172,200,0.6318
1506,327,34596,177,815,174,200,0.3594
1507,328,28762,125,306,267,200,0.9946
1508,328,33879,522,644,380,537,0.9927
1509,328,22073,98,881,270,176,0.3433
1510,328,33008,561,257,300,261,0.2568
1511,332,36636,590,167,198,197,0.9961
1512,332,36636,83,822,184,183,0.9824
1513,332,12246,565,541,288,479,0.979
1514,332,35205,126,141,204,198,0.9761
1515,334,29344,87,727,329,235,0.9888
1516,334,28762,624,716,211,270,0.9873
1517,334,19551,627,221,186,182,0.9712
1518,334,30307,146,224,201,192,0.9277
1519,335,29344,543,296,329,229,0.9868
1520,335,19551,135,847,194,191,0.9185
1521,335,28762,144,291,208,256,0.855
1522,335,30307,622,840,211,204,0.7827
1523,336,28762,652,750,208,267,0.9912
1524,336,29344,115,771,332,229,0.9873
1525,336,19551,656,232,191,177,0.9707
1526,336,30307,166,232,204,196,0.9028
1527,337,30307,643,836,210,204,0.9741
1528,337,31862,571,186,330,283,0.8398
1529,337,28762,126,272,269,186,0.769
1530,337,22073,130,829,179,264,0.2659
1531,338,31862,50,788,347,300,0.96
1532,338,30307,127,225,201,193,0.9326
1533,338,22073,644,168,170,250,0.894
1534,338,28762,574,809,281,192,0.8911
1535,339,31862,86,829,343,301,0.9863
1536,339,30307,145,236,206,195,0.8364
1537,339,22073,672,170,176,258,0.8335
1538,339,28762,601,846,277,186,0.7842
1539,340,28762,536,778,267,223,0.9883
1540,340,20013,576,191,221,211,0.978
1541,340,29666,40,94,386,456,0.9512
1542,340,34596,145,776,177,204,0.897
1543,341,20013,605,196,225,213,0.9697
1544,341,28762,566,815,263,217,0.9614
1545,341,29666,53,120,392,456,0.8579
1546,341,34596,179,815,173,201,0.8018
1547,341,34596,178,814,174,200,0.3486
1548,344,19606,604,193,240,230,0.9727
1549,344,28762,566,815,262,216,0.9644
1550,344,32309,157,193,210,200,0.9531
1551,344,34596,178,814,173,200,0.6992
1552,344,34596,177,814,174,200,0.4436
1553,345,19606,576,186,237,228,0.9878
1554,345,28762,536,778,269,224,0.9863
1555,345,32309,137,187,209,197,0.9663
1556,345,34596,144,776,177,205,0.9287
1557,346,19551,644,252,186,180,0.9712
1558,346,28762,567,811,264,218,0.8447
1559,346,34596,180,813,173,201,0.7646
1560,346,34596,179,814,174,200,0.5332
1561,346,33207,141,49,330,503,0.3594
1562,347,28762,537,776,268,222,0.978
1563,347,19551,615,240,181,180,0.9741
1564,347,34596,146,775,177,205,0.9395
1565,349,21770,618,141,220,397,0.9834
1566,349,29666,5,134,432,421,0.9585
1567,349,34596,179,813,174,200,0.7373
1568,349,28762,567,812,264,216,0.6724
1569,352,18146,621,779,255,419,0.9907
1570,352,13394,637,123,208,460,0.8833
1571,352,16687,121,179,311,481,0.8774
1572,352,13899,140,859,274,283,0.728
1573,355,13394,51,705,251,466,0.9448
1574,355,16547,74,133,225,422,0.7417
1575,355,13899,551,189,266,265,0.7339
1576,355,16547,72,127,230,428,0.6704
1577,356,13899,107,801,270,274,0.9688
1578,356,16547,645,688,230,448,0.9053
1579,356,13394,631,40,238,470,0.7788
1580,356,16547,645,691,231,446,0.5527
1581,359,33879,79,48,362,525,0.9956
1582,359,28762,562,815,263,216,0.979
1583,359,21324,629,164,221,213,0.667
1584,359,34596,176,813,174,200,0.5908
1585,361,19606,645,288,240,232,0.979
1586,361,18356,429,880,187,190,0.7788
1587,361,27992,216,172,204,407,0.709
1588,364,27732,587,168,244,342,0.9917
1589,364,18356,406,855,191,192,0.9727
1590,364,21770,102,255,346,324,0.7139
1591,372,31862,47,857,377,216,0.981
1592,372,19606,575,194,241,231,0.9771
1593,372,29666,12,146,448,407,0.8823
1594,372,28762,602,845,276,186,0.832
1595,374,33207,102,34,401,463,0.9883
1596,374,29344,72,801,322,241,0.9883
1597,374,28762,647,755,209,267,0.9849
1598,374,21324,623,184,223,217,0.9502
1599,379,25468,137,313,205,206,0.9775
1600,379,18356,465,860,188,190,0.9531
1601,379,19860,449,157,491,461,0.8232
1602,38,33879,111,34,391,497,0.9902
1603,38,29344,87,727,330,235,0.9863
1604,38,28762,623,718,210,267,0.9854
1605,38,21770,629,160,210,394,0.9736
1606,380,25468,596,716,210,212,0.9858
1607,380,19860,0,547,496,524,0.9658
1608,380,18356,284,179,186,191,0.9546
1609,382,13899,76,812,319,324,0.9795
1610,382,13394,596,124,284,430,0.9604
1611,382,16261,615,699,236,500,0.9175
1612,384,13899,75,801,317,318,0.9951
1613,384,13394,607,81,276,453,0.9502
1614,384,16261,602,702,241,485,0.9038
1615,387,20013,134,869,229,225,0.9878
1616,387,33879,503,656,412,516,0.9834
1617,387,28762,131,289,275,170,0.8862
1618,387,32309,677,255,211,195,0.5679
1619,389,29666,28,132,434,415,0.9834
1620,389,28762,622,718,211,269,0.9834
1621,389,19606,604,186,234,230,0.9741
1622,389,29344,87,727,328,236,0.7578
1623,389,29344,87,727,329,236,0.749
1624,390,28762,651,751,208,267,0.9888
1625,390,29344,114,770,332,230,0.9878
1626,390,29666,41,161,448,411,0.9771
1627,390,19606,631,190,242,233,0.9468
1628,392,12777,656,899,218,211,0.9883
1629,392,12246,111,707,289,484,0.9634
1630,393,12777,111,160,201,196,0.981
1631,393,12246,557,48,284,466,0.9785
1632,393,1899,584,865,206,141,0.5156
1633,394,20013,138,851,230,223,0.9839
1634,394,32309,605,855,221,212,0.9727
1635,394,31862,573,231,367,218,0.8447
1636,394,28762,125,272,269,187,0.4016
1637,395,20013,619,195,225,215,0.9937
1638,395,31862,47,856,377,218,0.9888
1639,395,32309,174,209,211,203,0.9644
1640,395,28762,602,845,276,187,0.875
1641,396,31862,13,814,380,220,0.9878
1642,396,20013,591,190,220,211,0.9873
1643,396,32309,153,201,211,196,0.9707
1644,396,28762,574,808,281,192,0.9307
1645,4,12080,118,158,266,413,0.9932
1646,4,4542,598,251,292,165,0.9863
1647,4,12246,127,650,293,488,0.856
1648,4,1899,676,809,142,203,0.6514
1649,40,28762,158,215,245,219,0.9927
1650,40,33879,622,613,325,544,0.9873
1651,40,21324,123,839,224,226,0.9131
1652,40,31884,647,278,216,168,0.876
1653,400,12777,614,770,211,204,0.9951
1654,400,2482,605,123,228,226,0.9731
1655,400,1899,132,244,194,156,0.8267
1656,401,3543,589,242,352,236,0.9712
1657,401,12777,155,296,201,193,0.9521
1658,401,2482,112,896,241,239,0.9224
1659,401,1899,643,854,205,169,0.7646
1660,404,21770,430,698,423,233,0.9771
1661,404,18356,357,145,183,188,0.9712
1662,404,27992,16,590,285,416,0.9673
1663,409,12246,2,732,468,318,0.9277
1664,409,3543,514,790,381,208,0.9097
1665,409,1899,133,243,189,164,0.5928
1666,41,33879,53,94,318,533,0.9658
1667,41,28762,593,874,254,228,0.9263
1668,41,21324,639,205,223,216,0.8696
1669,41,31884,119,865,217,167,0.8472
1670,411,3543,88,255,367,208,0.9775
1671,411,12246,498,201,450,310,0.9307
1672,411,1899,648,853,198,172,0.6655
1673,412,16687,119,190,294,495,0.8975
1674,412,16547,650,696,245,459,0.8833
1675,412,13394,622,80,228,452,0.8447
1676,412,16547,653,696,240,456,0.5718
1677,412,13899,110,810,276,280,0.396
1678,413,13899,108,802,269,273,0.9741
1679,413,16687,116,160,298,496,0.958
1680,413,16547,646,688,230,448,0.8662
1681,413,13394,627,41,243,470,0.7866
1682,413,16547,646,691,230,444,0.5293
1683,414,16687,525,551,298,495,0.8687
1684,414,13394,49,706,253,466,0.8672
1685,414,13899,551,188,266,266,0.7646
1686,414,16547,72,127,229,427,0.7075
1687,414,16547,74,133,224,422,0.6895
1688,415,19606,639,178,242,229,0.9912
1689,415,33879,101,94,314,534,0.9844
1690,415,31884,127,866,218,166,0.9648
1691,415,28762,600,868,255,228,0.8896
1692,416,28762,572,835,261,232,0.9878
1693,416,33879,81,74,308,528,0.9839
1694,416,19606,609,173,238,229,0.979
1695,416,31884,91,826,225,175,0.9517
1696,417,33879,578,614,323,547,0.9897
1697,417,31884,639,277,218,168,0.9429
1698,417,19606,102,851,247,243,0.9238
1699,417,28762,148,221,246,217,0.9131
1700,419,28762,124,305,268,202,0.9956
1701,419,33207,542,741,433,436,0.9932
1702,419,20013,110,856,233,224,0.9795
1703,419,33008,565,261,300,264,0.8623
1704,42,33879,39,76,306,526,0.9868
1705,42,28762,565,840,258,232,0.978
1706,42,31884,84,826,224,173,0.9512
1707,42,21324,608,199,220,215,0.854
1708,420,20013,615,186,221,212,0.9932
1709,420,33207,4,74,428,418,0.9912
1710,420,28762,577,758,274,208,0.6406
1711,420,21770,87,726,318,280,0.4092
1712,420,33008,87,726,317,279,0.3293
1713,422,28762,150,220,247,217,0.9648
1714,422,31884,640,277,219,169,0.9497
1715,423,28762,569,834,263,232,0.9736
1716,423,31884,89,826,224,174,0.9336
1717,429,28762,609,791,272,206,0.9917
1718,429,21324,667,181,226,212,0.9839
1719,429,29666,72,160,483,347,0.9829
1720,429,33008,132,775,312,278,0.8643
1721,430,35205,181,198,204,199,0.9673
1722,430,12246,69,616,402,403,0.9536
1723,430,36636,612,154,201,197,0.9277
1724,431,35205,200,206,208,200,0.979
1725,431,36636,640,155,208,200,0.9473
1726,431,12246,106,669,394,393,0.895
1727,432,36636,135,906,209,209,0.9956
1728,432,35205,584,858,213,212,0.9741
1729,432,12246,491,230,396,387,0.9639
1730,433,29450,99,104,343,427,0.9839
1731,433,28762,579,758,274,210,0.9824
1732,433,19551,620,177,186,182,0.9741
1733,433,33008,87,726,318,279,0.709
1734,434,28762,124,305,268,201,0.9917
1735,434,29450,539,693,360,444,0.9551
1736,434,19551,141,892,196,192,0.9385
1737,434,33008,565,261,300,264,0.832
1738,435,28762,607,791,269,207,0.9961
1739,435,29450,110,120,358,434,0.9731
1740,435,33008,122,771,314,272,0.9429
1741,435,19551,649,184,191,178,0.8501
1742,435,19551,648,185,191,177,0.4495
1743,436,20013,618,195,226,216,0.9922
1744,436,31862,47,857,376,216,0.9775
1745,436,33879,35,134,439,486,0.9648
1746,436,28762,601,845,277,186,0.895
1747,436,33879,36,137,439,482,0.5679
1748,44,22361,580,672,178,263,0.9956
1749,44,21324,95,722,227,230,0.9932
1750,44,18356,370,154,181,186,0.9814
1751,443,16550,566,186,247,250,0.9907
1752,443,13394,78,674,253,471,0.8765
1753,443,16261,80,112,221,419,0.4785
1754,444,13394,596,114,254,442,0.9536
1755,444,16550,110,842,259,264,0.9478
1756,444,16261,654,712,215,456,0.6602
1757,449,19606,623,182,240,232,0.9912
1758,449,28762,592,846,279,167,0.981
1759,449,29666,47,137,374,471,0.4187
1760,452,12246,138,641,303,479,0.9839
1761,452,3482,511,242,406,219,0.9634
1762,452,22346,177,233,193,260,0.6514
1763,452,1899,646,844,187,189,0.5234
1764,454,13394,99,705,229,477,0.9375
1765,454,13899,562,193,271,266,0.7944
1766,454,16261,130,89,231,467,0.457
1767,455,13394,602,29,220,475,0.8765
1768,455,16261,584,687,237,483,0.7734
1769,455,19551,96,799,268,268,0.5776
1770,455,13899,93,796,272,272,0.3259
1771,456,13394,597,67,208,462,0.9512
1772,456,16261,589,687,247,492,0.6621
1773,457,13394,633,68,224,479,0.7593
1774,457,16261,633,675,233,494,0.7188
1775,457,13899,135,833,270,271,0.564
1776,457,13394,633,66,223,482,0.5117
1777,458,13394,624,111,229,452,0.9604
1778,458,16261,638,677,244,504,0.7852
1779,459,13394,73,675,225,472,0.9395
1780,459,16261,84,87,228,475,0.7056
1781,459,13899,523,161,264,266,0.6426
1782,46,13394,587,78,247,468,0.9282
1783,46,13899,119,787,316,316,0.9204
1784,46,13899,118,787,318,316,0.6426
1785,46,16547,604,708,233,448,0.3057
1786,460,18146,83,115,255,394,0.9707
1787,460,13394,88,659,210,492,0.9282
1788,460,13899,491,127,308,301,0.8501
1789,462,18146,610,738,267,412,0.979
1790,462,13899,125,840,321,326,0.9468
1791,462,13394,626,102,204,464,0.9165
1792,463,20013,133,870,230,224,0.9888
1793,463,32309,623,874,221,209,0.9849
1794,463,28762,130,289,276,169,0.9287
1795,463,32309,676,255,211,195,0.7251
1796,464,28762,564,808,282,174,0.9819
1797,464,32309,136,184,210,199,0.9731
1798,464,20013,594,173,221,211,0.9712
1799,464,32309,64,814,220,207,0.6895
1800,465,20013,623,176,227,214,0.9961
1801,465,32309,155,191,211,200,0.9907
1802,465,28762,593,845,279,167,0.98
1803,465,32309,99,854,218,204,0.4824
1804,468,16550,155,872,259,264,0.9946
1805,468,18146,604,748,264,415,0.9688
1806,468,13394,599,118,203,467,0.7944
1807,469,21770,602,126,252,386,0.9932
1808,469,28762,608,791,269,206,0.9927
1809,469,33008,123,771,313,272,0.939
1810,469,32309,149,220,214,202,0.5234
1811,47,13394,86,669,254,466,0.937
1812,47,13899,492,166,313,296,0.937
1813,47,16547,112,113,223,422,0.6001
1814,47,16547,109,112,225,423,0.2539
1815,472,35205,149,190,208,200,0.9785
1816,472,2482,629,145,235,227,0.9741
1817,474,2482,117,880,241,236,0.9487
1818,474,35205,635,876,213,212,0.897
1819,474,3543,152,304,220,150,0.6001
1820,475,16550,125,823,257,263,0.9956
1821,475,16261,603,716,230,507,0.9858
1822,475,13394,596,90,205,456,0.9316
1823,475,16687,92,149,303,480,0.8872
1824,477,16550,124,811,251,254,0.9937
1825,477,16261,590,718,235,488,0.9551
1826,477,13394,600,50,218,480,0.916
1827,477,16687,90,109,306,488,0.5137
1828,479,28762,535,775,268,223,0.9614
1829,479,22073,634,177,181,244,0.9395
1830,479,34596,145,776,177,204,0.9365
1831,479,33207,67,80,367,472,0.7842
1832,481,13394,623,109,229,454,0.9604
1833,481,16261,639,677,242,504,0.6318
1834,481,13899,137,843,273,283,0.3667
1835,482,13394,74,674,224,471,0.9419
1836,482,13899,524,161,264,266,0.7461
1837,482,16261,85,87,226,475,0.5718
1838,484,27732,26,330,287,319,0.9951
1839,484,19860,483,117,410,527,0.7622
1840,484,18356,420,896,189,188,0.7446
1841,484,19860,482,118,411,526,0.5332
1842,485,19860,34,514,440,600,0.9946
1843,485,27732,625,535,285,339,0.9878
1844,485,18356,328,147,183,187,0.9561
1845,486,27732,665,632,289,343,0.9946
1846,486,19860,74,614,430,607,0.9849
1847,486,18356,371,205,181,182,0.979
1848,487,28762,608,792,269,205,0.9971
1849,487,33879,94,49,400,507,0.9897
1850,487,19551,648,186,191,177,0.957
1851,487,33008,122,772,315,272,0.9517
1852,493,2482,123,886,241,236,0.9722
1853,493,1899,187,288,197,156,0.3416
1854,494,2482,593,138,227,222,0.9785
1855,494,1899,588,825,201,163,0.4746
1856,494,3350,135,212,154,150,0.4321
1857,494,35205,136,213,152,147,0.314
1858,496,18356,394,871,187,191,0.9712
1859,496,22073,163,294,189,249,0.7983
1860,496,19231,497,178,374,363,0.2815
1861,497,19231,55,651,388,379,0.9854
1862,497,18356,354,159,182,185,0.981
1863,497,22073,587,668,193,262,0.856
1864,499,33207,526,732,433,451,0.9937
1865,499,19606,167,834,247,242,0.8301
1866,499,28762,125,272,270,187,0.7852
1867,499,31862,573,232,367,218,0.6758
1868,499,31862,571,232,368,218,0.251
1869,5,12080,615,719,278,434,0.9927
1870,5,4542,95,894,296,162,0.9902
1871,5,12246,572,113,281,476,0.9248
1872,5,1899,181,269,129,193,0.8438
1873,500,33207,35,67,415,433,0.9937
1874,500,31862,13,814,380,220,0.9902
1875,500,19606,545,187,237,230,0.981
1876,500,28762,575,809,279,192,0.9351
1877,501,33207,48,77,427,442,0.9941
1878,501,19606,575,194,241,231,0.9824
1879,501,31862,47,857,378,216,0.9824
1880,501,28762,602,845,276,186,0.9204
1881,502,20013,138,851,231,224,0.9834
1882,502,29450,549,732,408,406,0.9795
1883,502,28762,125,273,269,187,0.7007
1884,502,31862,573,232,367,218,0.6318
1885,502,31862,572,232,367,218,0.4688
1886,503,29450,39,102,386,394,0.9932
1887,503,20013,591,191,220,211,0.9912
1888,503,31862,13,813,380,220,0.9873
1889,503,28762,575,809,279,192,0.9258
1890,506,22346,532,634,197,300,0.9775
1891,506,25468,81,700,208,211,0.9443
1892,506,18356,351,141,183,185,0.9404
1893,507,22346,573,728,194,293,0.9639
1894,507,25468,125,784,204,206,0.9409
1895,507,18356,393,197,184,183,0.9229
1896,508,20876,166,262,186,187,0.9858
1897,508,18356,419,871,189,190,0.9663
1898,508,27992,541,241,333,351,0.9399
1899,509,20876,589,780,186,192,0.981
1900,509,27992,45,607,352,380,0.9795
1901,509,18356,328,168,184,187,0.9482
1902,511,33207,574,746,392,489,0.9927
1903,511,28762,150,220,247,217,0.9673
1904,511,31884,641,277,218,169,0.9419
1905,515,29450,93,184,424,364,0.9927
1906,515,21770,618,142,220,397,0.9834
1907,515,28762,566,813,264,216,0.9258
1908,515,34596,179,814,173,200,0.8438
1909,515,34596,179,814,174,199,0.354
1910,516,29450,477,702,430,369,0.9897
1911,516,28762,172,280,257,212,0.9868
1912,516,34596,639,293,169,193,0.9863
1913,516,21770,143,708,231,406,0.957
1914,517,33879,28,16,367,526,0.9907
1915,517,28762,592,846,277,166,0.9619
1916,517,22073,641,208,191,248,0.8472
1917,517,32309,96,855,217,203,0.3577
1918,518,33879,17,6,358,509,0.9956
1919,518,28762,562,810,283,172,0.9727
1920,518,22073,611,202,188,244,0.9053
1921,518,32309,63,814,218,207,0.3557
1922,519,33879,606,702,369,516,0.9849
1923,519,28762,131,288,276,171,0.8706
1924,519,22073,148,801,197,257,0.8335
1925,519,32309,678,256,211,195,0.4416
1926,520,34596,641,294,171,193,0.9863
1927,520,32309,613,906,222,211,0.9702
1928,520,28762,175,278,257,210,0.9512
1929,520,21324,127,880,226,228,0.9468
1930,521,28762,535,776,268,222,0.9604
1931,521,34596,144,774,178,205,0.9434
1932,521,32309,146,155,209,197,0.8975
1933,522,32309,163,158,215,202,0.9717
1934,522,28762,563,815,264,216,0.9717
1935,522,34596,177,813,173,200,0.7705
1936,522,34596,177,813,173,200,0.3887
1937,522,21324,629,162,221,214,0.291
1938,525,28762,124,305,268,201,0.9917
1939,525,32309,637,864,220,212,0.9907
1940,525,19551,141,892,195,192,0.9492
1941,525,33008,564,261,301,264,0.813
1942,526,28762,148,220,246,218,0.9487
1943,526,19606,101,850,248,243,0.9482
1944,526,31884,638,277,219,169,0.9351
1945,526,29450,554,712,303,469,0.5234
1946,527,19606,639,179,242,228,0.9932
1947,527,29450,144,77,306,462,0.9883
1948,527,31884,127,866,218,167,0.9692
1949,527,28762,600,868,255,228,0.8887
1950,528,19606,609,173,237,230,0.9863
1951,528,28762,571,835,262,232,0.9863
1952,528,29450,132,68,292,440,0.9819
1953,528,31884,92,826,223,175,0.9248
1954,529,20013,619,195,225,215,0.9946
1955,529,31862,47,857,376,217,0.9741
1956,529,28762,602,845,276,187,0.8579
1957,529,30307,106,240,206,196,0.6299
1958,529,30307,106,240,206,195,0.4746
1959,53,16550,133,851,258,265,0.9937
1960,53,13394,648,107,213,458,0.9619
1961,530,20013,138,851,231,223,0.9873
1962,530,30307,681,833,211,204,0.8208
1963,530,31862,574,231,366,217,0.8198
1964,530,28762,124,272,269,186,0.354
1965,531,20013,591,191,220,211,0.9937
1966,531,31862,13,814,380,220,0.9878
1967,531,28762,575,809,279,192,0.9312
1968,531,30307,89,231,202,192,0.9243
1969,532,13899,76,812,319,324,0.9785
1970,532,13394,596,124,282,430,0.9419
1971,532,16687,122,124,381,415,0.9229
1972,532,16261,615,700,237,499,0.8857
1973,533,13899,75,801,317,319,0.9946
1974,533,16687,115,75,389,429,0.9766
1975,533,13394,607,81,276,453,0.9126
1976,533,16261,603,702,240,485,0.8569
1977,534,13899,538,152,308,299,0.9702
1978,534,16687,444,699,398,431,0.9692
1979,534,13394,50,680,285,457,0.9238
1980,534,16261,101,79,236,459,0.8154
1981,535,33879,78,141,404,504,0.9902
1982,535,31862,86,829,343,300,0.958
1983,535,22073,673,172,174,256,0.8208
1984,535,28762,601,846,276,184,0.813
1985,535,28762,602,846,276,184,0.2629
1986,536,33879,65,120,391,504,0.9907
1987,536,31862,50,788,348,299,0.9673
1988,536,22073,644,169,169,250,0.9478
1989,536,28762,573,810,279,191,0.9087
1990,537,33879,521,599,398,520,0.9907
1991,537,31862,572,187,328,283,0.9707
1992,537,28762,126,272,269,186,0.7188
1993,537,22073,131,828,181,265,0.6318
1994,539,22346,593,710,197,303,0.9971
1995,539,18356,322,133,182,186,0.9834
1996,539,25437,9,670,348,341,0.9531
1997,54,16550,547,175,245,252,0.9897
1998,54,13394,61,678,208,463,0.9268
1999,54,16261,117,87,227,467,0.6978
2000,540,22346,632,808,193,293,0.9927
2001,540,18356,364,190,182,180,0.9883
2002,540,25437,51,754,346,337,0.9771
2003,541,33879,594,651,321,547,0.9766
2004,541,19551,145,900,192,190,0.9683
2005,541,28762,148,221,247,217,0.9507
2006,541,31884,639,278,218,168,0.9468
2007,542,28762,572,835,261,232,0.9868
2008,542,33879,70,41,307,521,0.9819
2009,542,31884,91,826,225,174,0.9448
2010,542,19551,617,172,184,181,0.9302
2011,543,33879,85,53,316,543,0.9897
2012,543,19551,647,176,188,185,0.9722
2013,543,31884,127,866,218,168,0.9502
2014,543,28762,600,869,256,228,0.8911
2015,545,34596,641,294,171,193,0.9878
2016,545,21324,127,880,226,228,0.937
2017,545,30307,665,863,210,205,0.9058
2018,545,28762,175,277,258,211,0.8887
2019,546,34596,143,774,177,205,0.958
2020,546,28762,534,776,267,222,0.9312
2021,546,30307,108,201,200,191,0.9058
2022,546,21324,602,158,214,216,0.4243
2023,547,29344,114,771,331,229,0.9883
2024,547,28762,651,751,208,268,0.9863
2025,547,30307,120,242,207,196,0.9673
2026,547,22073,631,210,184,251,0.772
2027,548,29344,543,296,328,229,0.9854
2028,548,28762,144,290,210,256,0.9277
2029,548,30307,665,831,211,204,0.5332
2030,548,22073,165,798,191,258,0.5
2031,55,18356,423,847,188,191,0.9829
2032,55,25437,50,284,337,319,0.9775
2033,55,19860,430,162,505,453,0.9263
2034,551,20013,134,870,228,225,0.9854
2035,551,29450,547,684,382,431,0.9629
2036,551,28762,131,290,275,169,0.9111
2037,551,32309,675,255,211,195,0.6479
2038,552,20013,623,176,226,214,0.9941
2039,552,29450,80,144,375,420,0.9937
2040,552,28762,592,845,279,167,0.9673
2041,553,31862,13,813,380,221,0.9897
2042,553,29666,11,81,412,437,0.9849
2043,553,19551,601,213,185,180,0.9746
2044,553,28762,575,809,279,191,0.8613
2045,555,31862,47,857,378,216,0.9712
2046,555,19551,631,220,188,185,0.9644
2047,555,28762,601,846,277,186,0.9092
2048,555,29666,23,104,424,437,0.5469
2049,56,19860,0,553,508,511,0.9834
2050,56,25437,548,620,350,342,0.9785
2051,56,18356,324,192,185,188,0.9326
2052,560,31884,126,866,218,167,0.9746
2053,560,21770,585,96,282,376,0.9019
2054,560,28762,599,869,257,228,0.8926
2055,560,29450,115,80,272,467,0.6689
2056,564,12246,596,107,287,470,0.9814
2057,564,3742,161,806,187,184,0.9692
2058,564,3543,546,835,372,198,0.8652
2059,564,1899,148,253,197,163,0.3381
2060,565,16547,649,695,246,460,0.8613
2061,565,13394,621,79,230,452,0.8091
2062,565,13899,110,810,276,282,0.4207
2063,565,16547,652,696,240,458,0.4016
2064,565,16687,24,167,407,426,0.2815
2065,569,13899,493,166,313,297,0.9409
2066,569,13394,87,668,252,467,0.939
2067,569,16231,543,572,288,517,0.6226
2068,569,16547,112,113,223,422,0.5889
2069,571,12246,541,57,302,447,0.9805
2070,571,1899,583,865,205,141,0.3831
2071,571,12080,126,138,170,279,0.3667
2072,572,12246,100,714,320,473,0.9761
2073,572,4542,679,829,182,300,0.606
2074,572,1899,190,272,200,137,0.272
2075,573,12246,570,65,309,461,0.9829
2076,573,12080,141,144,174,290,0.6895
2077,573,1899,612,900,201,134,0.3887
2078,574,13899,113,827,319,321,0.9653
2079,574,16261,629,675,232,496,0.8975
2080,574,13394,665,73,211,495,0.8926
2081,575,13899,494,125,313,303,0.8726
2082,575,13394,52,658,210,480,0.7866
2083,575,16261,90,86,224,475,0.6582
2084,575,16231,537,544,304,481,0.3259
2085,576,13394,656,119,218,462,0.9287
2086,576,13899,117,843,322,323,0.8174
2087,576,16261,636,673,242,508,0.7339
2088,576,16231,102,201,300,483,0.2583
2089,577,12246,539,74,349,420,0.981
2090,577,3543,515,792,379,209,0.895
2091,577,1899,132,245,194,156,0.7534
2092,578,3543,88,256,365,208,0.978
2093,578,12246,49,732,379,440,0.9683
2094,578,3350,663,333,153,148,0.8223
2095,578,1899,644,855,202,168,0.667
2096,579,12246,571,81,355,432,0.9873
2097,579,3543,546,835,371,198,0.8774
2098,579,1899,146,254,200,159,0.8589
2099,579,3350,171,823,157,151,0.5581
2100,58,28762,571,834,262,232,0.9814
2101,58,29666,41,59,384,454,0.9644
2102,58,31884,91,826,224,174,0.9604
2103,58,33008,557,92,274,367,0.7202
2104,581,3543,88,255,366,208,0.9688
2105,581,2482,103,905,240,239,0.9614
2106,581,1899,646,852,201,171,0.7217
2107,581,12080,652,209,167,269,0.4609
2108,583,13394,65,691,257,467,0.9155
2109,583,16687,474,638,321,482,0.8374
2110,583,16261,115,89,232,463,0.7891
2111,583,13899,549,186,267,264,0.7295
2112,584,13394,604,102,257,437,0.9658
2113,584,16261,599,688,250,492,0.8438
2114,584,16687,153,122,315,474,0.8057
2115,586,32309,145,200,209,195,0.9814
2116,586,31862,50,787,347,300,0.9663
2117,586,28762,574,809,279,192,0.8848
2118,586,22073,644,168,169,250,0.8716
2119,587,32309,613,856,220,212,0.9717
2120,587,31862,572,186,328,284,0.8843
2121,587,28762,126,272,269,186,0.5059
2122,587,22073,129,829,180,264,0.3293
2123,588,32309,163,207,215,202,0.9897
2124,588,31862,86,829,342,301,0.9619
2125,588,22073,673,171,174,257,0.7993
2126,588,28762,601,846,276,186,0.7788
2127,588,28762,602,846,276,185,0.3025
2128,589,19606,639,178,242,229,0.9927
2129,589,31884,127,865,218,168,0.9707
2130,589,28762,600,869,255,228,0.9229
2131,591,31884,639,277,218,169,0.9565
2132,591,28762,148,221,247,217,0.9429
2133,591,19606,100,850,248,243,0.9399
2134,591,33207,633,644,340,504,0.8643
2135,592,28762,150,220,246,217,0.9717
2136,592,32309,649,901,223,211,0.9585
2137,592,31884,640,277,219,169,0.9277
2138,592,21324,120,844,225,228,0.8965
2139,593,28762,570,835,262,232,0.9668
2140,593,32309,112,161,209,196,0.9541
2141,593,31884,89,826,223,173,0.9473
2142,594,32309,129,163,215,207,0.9785
2143,594,31884,124,865,220,168,0.9736
2144,594,28762,598,870,255,228,0.6958
2145,594,21324,639,200,223,214,0.6602
2146,595,27732,110,218,250,341,0.9819
2147,595,18356,399,866,189,192,0.9678
2148,595,19551,650,288,189,188,0.9521
2149,596,27732,578,618,262,368,0.9971
2150,596,18356,350,163,181,183,0.9824
2151,596,19551,80,734,195,196,0.9214
2152,598,18356,402,875,189,189,0.979
2153,598,27776,554,193,298,416,0.9248
2154,598,22073,172,333,183,254,0.894
2155,60,31884,639,278,218,168,0.9453
2156,60,28762,148,220,247,217,0.9385
2157,60,29666,548,693,403,479,0.8208
2158,60,21770,109,775,296,388,0.6636
2159,600,18356,387,226,183,182,0.9321
2160,600,22073,622,721,184,260,0.5391
2161,600,27776,113,680,310,435,0.4534
2162,601,28762,125,305,267,200,0.9927
2163,601,33879,506,638,449,486,0.9907
2164,601,19606,153,802,245,244,0.8799
2165,601,33008,566,260,299,265,0.8438
2166,602,33879,34,115,436,466,0.9937
2167,602,19606,562,217,237,229,0.9819
2168,602,28762,578,759,273,209,0.8589
2169,602,33008,88,727,318,278,0.4805
2170,602,21770,88,726,318,279,0.304
2171,603,28762,609,792,269,206,0.9961
2172,603,33879,44,138,454,473,0.9893
2173,603,19606,590,228,242,228,0.9888
2174,603,33008,122,772,314,272,0.958
2175,605,28762,592,846,279,166,0.9819
2176,605,32309,145,249,214,204,0.8418
2177,605,22073,641,208,191,248,0.7734
2178,605,32309,98,854,217,203,0.6387
2179,608,21324,590,723,228,228,0.9976
2180,608,18356,339,192,184,187,0.9209
2181,610,29666,0,113,391,437,0.9922
2182,610,28762,561,809,282,174,0.9692
2183,610,19551,619,221,188,183,0.9673
2184,610,32309,63,812,218,208,0.4688
2185,611,19551,142,847,195,191,0.9336
2186,611,29666,582,660,393,449,0.9272
2187,611,28762,132,288,276,171,0.8809
2188,611,32309,679,256,210,194,0.4844
2189,612,29666,0,143,408,434,0.9897
2190,612,28762,591,846,277,167,0.9766
2191,612,19551,648,232,191,178,0.9673
2192,612,32309,96,853,217,203,0.2783
2193,614,18356,346,153,184,187,0.9761
2194,614,25366,165,655,240,354,0.9692
2195,614,20876,634,726,186,192,0.9604
2196,615,18356,389,212,183,181,0.9829
2197,615,25366,208,754,240,352,0.9614
2198,615,20876,674,821,183,186,0.9478
2199,616,19551,144,900,193,190,0.9653
2200,616,32309,629,886,223,212,0.9634
2201,616,28762,147,220,247,217,0.9629
2202,616,31884,639,277,218,168,0.9492
2203,617,31884,127,866,218,168,0.9727
2204,617,19551,647,175,189,184,0.9702
2205,617,32309,148,178,215,202,0.9409
2206,617,28762,600,868,256,228,0.8975
2207,618,32309,131,173,210,195,0.9756
2208,618,28762,571,834,263,233,0.9668
2209,618,31884,91,827,224,173,0.9487
2210,618,19551,616,171,186,181,0.9248
2211,62,18356,325,155,184,188,0.9829
2212,62,27992,91,552,285,415,0.9785
2213,62,22073,541,650,205,256,0.9653
2214,620,18146,82,76,249,391,0.9194
2215,620,13394,76,642,208,500,0.918
2216,621,18146,613,775,245,412,0.9863
2217,621,13394,644,85,204,485,0.8931
2218,621,13899,137,847,269,272,0.4883
2219,621,19551,138,853,270,266,0.2568
2220,622,27925,126,296,262,290,0.9858
2221,622,18356,395,890,189,190,0.978
2222,622,20876,612,289,183,189,0.8989
2223,623,20876,126,747,187,193,0.9731
2224,623,27925,557,634,264,304,0.9521
2225,623,18356,350,147,185,189,0.9512
2226,624,20876,170,840,183,184,0.9395
2227,624,27925,597,721,261,308,0.9272
2228,624,18356,393,207,184,183,0.9033
2229,625,28762,124,305,268,202,0.9922
2230,625,29450,504,699,407,396,0.9502
2231,625,19606,152,804,245,242,0.9375
2232,625,33008,565,261,300,264,0.832
2233,627,29450,76,147,392,374,0.9746
2234,627,19606,562,217,237,230,0.9629
2235,627,28762,579,758,274,210,0.7266
2236,627,33008,88,726,315,280,0.6636
2237,628,28762,125,305,268,201,0.9907
2238,628,30307,679,850,211,207,0.959
2239,628,19551,141,892,195,192,0.9126
2240,628,33008,565,261,299,264,0.8257
2241,632,16550,549,180,245,251,0.9707
2242,632,13394,61,679,211,467,0.9175
2243,632,16261,121,89,231,468,0.686
2244,633,16550,129,846,259,266,0.9902
2245,633,13394,652,100,196,466,0.9126
2246,633,16261,597,685,249,492,0.6318
2247,635,35205,182,198,203,198,0.9761
2248,635,36636,612,154,201,197,0.9453
2249,635,2482,71,752,236,235,0.9229
2250,636,36636,135,905,209,210,0.9946
2251,636,35205,584,858,213,212,0.9668
2252,636,2482,655,280,227,222,0.9272
2253,637,13899,77,812,319,324,0.9839
2254,637,13394,597,124,281,429,0.9346
2255,637,33207,57,203,468,335,0.9302
2256,637,16261,615,700,237,499,0.9092
2257,638,13899,75,801,317,318,0.9941
2258,638,33207,52,167,473,340,0.9653
2259,638,13394,607,81,276,453,0.9409
2260,638,16261,602,702,242,484,0.8345
2261,64,21324,155,279,225,223,0.9858
2262,64,18356,396,886,189,191,0.9805
2263,64,25437,592,267,335,316,0.9565
2264,640,18356,404,918,190,192,0.9868
2265,640,20013,97,300,223,219,0.8887
2266,641,20013,620,709,230,229,0.9854
2267,641,18356,341,125,182,185,0.978
2268,641,19231,41,578,409,347,0.7983
2269,644,16261,77,90,229,472,0.8408
2270,644,13899,484,121,308,303,0.8301
2271,644,13394,50,662,219,480,0.8164
2272,646,34596,639,294,171,193,0.9868
2273,646,29666,403,636,450,422,0.9795
2274,646,28762,174,279,257,211,0.9746
2275,646,22073,127,828,194,259,0.5137
2276,647,29666,146,194,443,408,0.9932
2277,647,28762,565,813,263,217,0.9434
2278,647,22073,664,179,186,251,0.7944
2279,647,34596,179,813,173,202,0.7646
2280,647,34596,178,813,174,200,0.5156
2281,648,29666,127,162,436,415,0.9893
2282,648,28762,535,776,268,222,0.9829
2283,648,34596,145,775,177,204,0.936
2284,648,22073,633,176,183,246,0.9326
2285,65,21324,559,727,228,232,0.9971
2286,65,18356,349,154,184,187,0.979
2287,65,25437,0,634,337,341,0.7891
2288,650,18356,369,176,179,184,0.981
2289,650,27732,0,707,314,313,0.9722
2290,650,22073,558,823,276,165,0.9399
2291,652,4542,110,841,306,170,0.9868
2292,652,12246,565,70,284,456,0.9834
2293,652,1899,123,256,198,149,0.6978
2294,653,4542,547,267,291,164,0.9927
2295,653,12246,89,696,307,480,0.9614
2296,653,1899,646,854,208,154,0.8291
2297,654,12246,594,76,291,467,0.9829
2298,654,4542,148,880,297,163,0.9502
2299,654,1899,140,266,201,149,0.6133
2300,656,35205,149,190,207,200,0.9766
2301,656,12246,541,183,408,384,0.9082
2302,656,3543,628,848,223,139,0.564
2303,658,12246,632,14,286,476,0.8799
2304,658,1899,168,248,181,178,0.6704
2305,658,3482,496,823,396,262,0.4668
2306,659,12246,606,12,278,460,0.9663
2307,659,3482,466,785,401,267,0.4436
2308,66,21324,599,821,225,221,0.9863
2309,66,18356,393,211,183,183,0.9614
2310,66,25437,31,718,346,337,0.9614
2311,660,12246,63,744,289,496,0.9731
2312,660,3482,117,217,387,257,0.9644
2313,660,1899,645,846,189,186,0.7705
2314,661,18356,375,878,191,191,0.9707
2315,661,25468,179,303,203,205,0.9702
2316,661,19551,688,293,188,187,0.3943
2317,662,25468,555,726,208,210,0.9604
2318,662,19551,43,748,193,185,0.9487
2319,662,18356,368,161,184,188,0.938
2320,664,29344,543,296,328,229,0.9878
2321,664,32309,629,875,221,210,0.9756
2322,664,28762,144,291,208,256,0.8848
2323,664,22073,165,799,190,259,0.6333
2324,665,29344,88,726,327,236,0.9858
2325,665,28762,624,716,210,269,0.9849
2326,665,22073,603,202,179,246,0.9419
2327,665,32309,130,185,210,198,0.7202
2328,667,16550,121,820,253,252,0.9907
2329,667,13394,576,119,293,447,0.9775
2330,667,16547,648,703,242,451,0.8418
2331,667,33207,24,151,473,268,0.7358
2332,667,16547,650,704,237,446,0.4436
2333,668,16550,554,194,249,251,0.9897
2334,668,13394,67,654,303,448,0.9365
2335,668,16547,67,117,229,427,0.8105
2336,668,16547,66,120,231,423,0.6841
2337,668,33207,437,782,478,289,0.4629
2338,670,21770,139,728,237,407,0.9893
2339,670,31862,572,186,328,284,0.9497
2340,670,30307,683,848,211,204,0.7153
2341,670,28762,124,272,269,186,0.6167
2342,672,21770,619,119,225,396,0.9819
2343,672,31862,87,828,341,300,0.9771
2344,672,30307,106,225,204,193,0.9019
2345,672,28762,602,846,276,186,0.8696
2346,674,2482,154,891,238,237,0.9819
2347,674,3831,600,161,253,447,0.8911
2348,674,1899,633,890,211,139,0.6807
2349,674,41767,137,294,281,144,0.2737
2350,675,2482,565,134,228,224,0.9712
2351,675,1899,139,239,197,128,0.6909
2352,675,3831,97,615,265,474,0.4961
2353,675,31862,548,834,296,144,0.2673
2354,677,12246,618,16,297,449,0.9888
2355,677,3831,568,629,259,484,0.7026
2356,677,1899,141,240,196,126,0.6479
2357,679,13394,608,94,213,460,0.9092
2358,679,16261,593,703,227,459,0.7866
2359,679,13899,109,811,274,280,0.4243
2360,68,29450,512,766,435,372,0.9912
2361,68,28762,172,279,257,211,0.9893
2362,68,34596,638,293,170,193,0.9888
2363,68,19551,150,826,195,192,0.6021
2364,680,13394,82,680,235,472,0.9175
2365,680,16261,143,115,206,424,0.8989
2366,680,13899,553,190,266,265,0.6167
2367,681,13394,611,62,228,470,0.9155
2368,681,16261,590,703,215,444,0.8608
2369,681,13899,107,802,269,271,0.7905
2370,684,12246,528,92,362,427,0.9741
2371,684,12080,578,721,320,424,0.9683
2372,684,1899,181,267,129,197,0.8057
2373,685,16550,119,820,252,252,0.9917
2374,685,13394,577,122,291,445,0.9736
2375,685,16547,646,705,239,449,0.8472
2376,685,16547,647,706,236,446,0.5757
2377,688,20013,615,186,220,212,0.9868
2378,688,28762,578,758,274,209,0.6992
2379,688,29666,100,189,451,393,0.6021
2380,688,33008,87,725,316,281,0.3259
2381,688,21770,87,725,317,282,0.2783
2382,692,30307,659,836,210,206,0.957
2383,692,28762,132,288,275,171,0.8843
2384,692,21770,105,686,202,416,0.7217
2385,692,32309,678,255,211,195,0.457
2386,692,16261,105,686,202,417,0.2644
2387,694,21770,155,276,258,389,0.9785
2388,694,25366,501,240,325,253,0.9395
2389,694,18356,402,851,188,188,0.9204
2390,697,22346,138,257,231,271,0.9961
2391,697,24849,602,204,238,341,0.9785
2392,697,18356,402,855,191,192,0.9521
2393,698,22346,571,678,242,282,0.9922
2394,698,18356,346,173,181,183,0.9883
2395,698,24849,79,633,253,372,0.9873
2396,70,12246,47,713,293,492,0.9766
2397,70,4542,646,259,189,267,0.9512
2398,70,3482,47,233,401,223,0.9414
2399,70,3482,45,233,403,223,0.4436
2400,70,1899,639,891,201,157,0.4416
2401,70,4542,646,259,188,264,0.4226
2402,700,28762,571,833,262,232,0.9644
2403,700,19551,616,173,186,181,0.9556
2404,700,31884,91,826,224,174,0.9473
2405,700,29450,75,134,380,392,0.8066
2406,701,31884,127,866,218,168,0.9756
2407,701,19551,647,176,188,184,0.9722
2408,701,28762,600,868,256,229,0.9053
2409,701,29450,88,148,393,400,0.8267
2410,702,31884,639,277,218,169,0.9575
2411,702,19551,145,900,193,190,0.9561
2412,702,28762,148,220,247,218,0.9399
2413,705,30307,121,201,208,196,0.9863
2414,705,28762,592,873,255,229,0.9331
2415,705,31884,119,865,218,167,0.9189
2416,705,21324,639,204,223,216,0.7041
2417,706,13394,604,101,258,438,0.9717
2418,706,16261,599,688,252,492,0.814
2419,706,16231,73,120,340,484,0.8042
2420,707,13394,65,691,258,468,0.9106
2421,707,16261,116,89,231,463,0.8291
2422,707,13899,549,186,267,264,0.6992
2423,707,16231,533,630,353,491,0.3594
2424,708,13394,613,56,254,464,0.8809
2425,708,16231,66,78,344,493,0.6929
2426,708,16261,594,688,240,482,0.5757
2427,710,28762,579,758,274,210,0.9517
2428,710,19606,562,216,237,229,0.9453
2429,710,33008,87,726,316,276,0.7446
2430,710,32309,160,235,208,198,0.4707
2431,712,13394,623,109,230,453,0.9634
2432,712,16231,110,109,284,527,0.8765
2433,712,16261,638,675,244,506,0.7563
2434,713,13394,74,673,224,473,0.9263
2435,713,16261,84,87,227,474,0.7759
2436,713,13899,522,161,266,265,0.6958
2437,714,13394,631,65,225,484,0.9072
2438,714,16261,633,675,232,495,0.7676
2439,714,16231,108,80,282,524,0.709
2440,714,13899,135,834,270,271,0.3259
2441,716,16687,104,143,308,482,0.98
2442,716,13899,123,800,318,323,0.9775
2443,716,13394,584,113,233,452,0.9365
2444,716,16547,614,720,237,456,0.5601
2445,717,13394,88,668,252,468,0.9399
2446,717,13899,493,167,313,296,0.916
2447,717,16687,531,612,313,486,0.8672
2448,717,16547,113,114,222,422,0.5869
2449,719,3742,89,810,196,188,0.981
2450,719,2482,552,181,230,226,0.9736
2451,719,1899,121,259,199,147,0.7944
2452,72,12246,646,48,289,476,0.9541
2453,72,4542,151,776,193,278,0.9272
2454,72,3482,548,840,414,224,0.874
2455,720,2482,166,840,239,238,0.958
2456,720,3742,676,286,186,178,0.9404
2457,720,1899,646,855,208,153,0.916
2458,721,33879,64,167,444,464,0.9883
2459,721,21770,571,117,249,381,0.832
2460,721,28762,579,758,274,208,0.8291
2461,721,33008,88,726,318,279,0.5757
2462,724,35205,132,176,203,200,0.9883
2463,724,2482,107,736,235,231,0.9502
2464,725,35205,636,884,212,212,0.9722
2465,725,2482,619,301,228,223,0.9639
2466,725,19606,152,873,228,226,0.3867
2467,725,24849,146,152,253,411,0.2861
2468,726,2482,141,776,229,224,0.979
2469,726,35205,148,181,207,202,0.9775
2470,727,31862,13,813,381,221,0.9888
2471,727,33207,37,155,406,445,0.98
2472,727,19551,602,213,184,181,0.9775
2473,727,28762,575,809,279,192,0.9219
2474,728,33207,53,175,418,449,0.9927
2475,728,31862,47,856,379,217,0.9839
2476,728,19551,630,219,187,186,0.9673
2477,728,28762,602,845,276,186,0.8672
2478,73,35205,73,201,201,198,0.9663
2479,73,12246,526,75,350,421,0.8843
2480,73,38161,590,847,214,128,0.5947
2481,731,36636,612,143,200,196,0.9604
2482,731,2482,120,768,238,231,0.9502
2483,731,35205,102,160,202,198,0.9414
2484,732,2482,608,266,227,221,0.979
2485,732,36636,134,917,210,211,0.9688
2486,732,35205,669,899,215,211,0.9497
2487,738,12246,589,91,288,458,0.9712
2488,738,1899,89,258,198,129,0.3174
2489,740,2482,120,803,241,235,0.9502
2490,740,3350,655,272,156,149,0.7217
2491,740,1899,644,834,169,192,0.6992
2492,742,16550,566,186,247,250,0.9878
2493,742,13394,78,673,251,471,0.8267
2494,742,16261,82,112,215,420,0.498
2495,743,16550,110,831,252,252,0.9927
2496,743,13394,604,75,252,460,0.9287
2497,743,16261,647,709,213,445,0.7373
2498,745,27732,114,181,226,357,0.9795
2499,745,19606,661,270,239,232,0.9746
2500,745,18356,350,891,192,194,0.9727
2501,747,19606,62,799,242,236,0.9858
2502,747,18356,437,193,181,182,0.9785
2503,747,27732,636,738,232,388,0.9722
2504,75,12246,556,82,355,432,0.9551
2505,75,35205,87,209,208,200,0.9141
2506,75,38161,617,881,208,122,0.5889
2507,75,38161,618,880,210,123,0.251
2508,750,12080,591,133,264,406,0.9814
2509,750,2482,149,790,237,232,0.9746
2510,750,1899,682,808,139,205,0.8481
2511,752,35205,92,195,204,200,0.9663
2512,752,2482,560,136,227,224,0.9395
2513,752,12246,546,779,310,238,0.6387
2514,754,19231,92,653,370,378,0.9912
2515,754,18356,373,197,182,183,0.9824
2516,754,21324,627,761,228,222,0.957
2517,756,18356,416,889,188,191,0.9673
2518,756,21324,126,319,224,225,0.9355
2519,756,19231,519,252,360,376,0.8301
2520,758,33879,565,663,337,531,0.9751
2521,758,28762,149,220,247,217,0.9546
2522,758,31884,641,277,218,169,0.9229
2523,759,33879,83,35,316,518,0.9863
2524,759,28762,570,834,262,232,0.9688
2525,759,31884,89,826,224,173,0.9419
2526,760,12777,656,802,215,206,0.9883
2527,760,12080,88,711,286,440,0.9785
2528,760,2482,582,202,229,224,0.9658
2529,760,1899,159,258,127,197,0.8926
2530,761,12777,683,836,209,198,0.9805
2531,761,12080,128,751,277,435,0.9683
2532,761,1899,177,269,131,196,0.9287
2533,761,2482,611,211,233,224,0.9253
2534,761,12080,128,750,277,436,0.3242
2535,763,28762,125,306,267,202,0.9927
2536,763,33879,505,641,452,485,0.9854
2537,763,20013,110,856,232,224,0.9771
2538,763,33008,565,262,300,264,0.8267
2539,764,28762,607,792,269,206,0.9971
2540,764,20013,645,192,224,213,0.9917
2541,764,33879,46,134,451,469,0.9575
2542,764,33008,122,772,315,272,0.9478
2543,766,29344,544,296,328,230,0.9873
2544,766,28762,144,290,209,256,0.9214
2545,766,22073,164,797,191,260,0.7476
2546,766,29666,569,736,406,466,0.5581
2547,768,29344,86,727,329,236,0.9878
2548,768,28762,623,717,211,270,0.9849
2549,768,22073,602,203,181,245,0.9229
2550,768,29666,8,30,393,448,0.7773
2551,772,12777,639,880,208,197,0.9819
2552,772,12246,558,80,289,476,0.9561
2553,772,1899,104,269,201,125,0.7549
2554,773,12777,612,846,211,204,0.9819
2555,773,12246,531,72,283,462,0.9731
2556,773,1899,87,257,199,130,0.6494
2557,778,29450,86,168,400,401,0.9956
2558,778,31862,47,857,377,216,0.9756
2559,778,19551,631,220,186,185,0.9678
2560,778,28762,602,845,276,186,0.8032
2561,779,29450,514,682,401,405,0.9644
2562,779,19551,163,855,193,191,0.856
2563,779,31862,573,232,367,217,0.8232
2564,779,28762,124,273,270,187,0.7993
2565,780,31862,13,814,380,220,0.9897
2566,780,29450,73,151,386,392,0.98
2567,780,19551,602,213,184,180,0.979
2568,780,28762,575,809,279,192,0.9126
2569,782,18356,338,184,184,186,0.9868
2570,782,20876,586,727,186,193,0.9468
2571,782,25437,7,628,347,339,0.8091
2572,785,33207,543,691,387,488,0.9443
2573,785,28762,132,288,276,171,0.874
2574,785,21770,105,686,203,416,0.7251
2575,785,32309,676,256,212,195,0.4785
2576,787,20013,110,857,232,224,0.9902
2577,787,31884,638,277,219,169,0.9478
2578,787,28762,148,221,247,217,0.9238
2579,787,29666,541,651,344,510,0.7812
2580,788,28762,571,834,262,232,0.9907
2581,788,20013,616,186,220,211,0.9868
2582,788,31884,91,826,223,174,0.9487
2583,79,19606,127,297,242,235,0.9468
2584,79,18356,387,847,188,188,0.8955
2585,79,25366,500,240,326,254,0.749
2586,797,12246,42,530,305,471,0.9937
2587,797,36636,602,188,201,198,0.9888
2588,797,35205,146,190,204,198,0.9746
2589,797,41767,494,854,335,162,0.936
2590,798,12246,68,583,310,459,0.9873
2591,798,36636,630,192,206,201,0.9868
2592,798,35205,163,198,207,200,0.9844
2593,798,41767,524,892,330,155,0.7505
2594,798,12246,68,581,309,462,0.2568
2595,799,20013,646,190,225,213,0.9917
2596,799,32309,168,179,213,203,0.9854
2597,799,31884,127,866,218,168,0.9717
2598,799,28762,599,869,257,228,0.9097
2599,8,20013,623,177,227,215,0.9946
2600,8,28762,592,846,279,167,0.9824
2601,8,30307,132,221,203,193,0.7759
2602,8,32309,98,854,216,203,0.3979
2603,80,25366,93,701,335,261,0.9883
2604,80,19606,566,695,249,243,0.9502
2605,80,18356,361,195,181,186,0.8726
2606,807,28762,155,216,247,219,0.9937
2607,807,31884,647,278,217,169,0.8931
2608,807,21324,122,840,225,225,0.8857
2609,808,12246,614,50,329,453,0.9878
2610,808,35205,108,206,207,200,0.9873
2611,808,12246,630,825,172,241,0.3999
2612,810,35205,92,198,205,197,0.9863
2613,810,12246,587,45,324,441,0.9458
2614,810,12246,603,786,176,248,0.6245
2615,815,27732,522,615,276,355,0.9917
2616,815,20013,99,712,230,228,0.9551
2617,815,18356,362,168,182,185,0.6333
2618,817,29450,98,155,380,419,0.9863
2619,817,28762,592,846,279,166,0.9795
2620,817,19551,648,232,191,179,0.959
2621,817,32309,96,854,216,202,0.3594
2622,818,29450,528,676,377,427,0.9653
2623,818,19551,142,847,195,191,0.9385
2624,818,28762,132,288,275,171,0.8623
2625,818,32309,678,256,211,195,0.4746
2626,819,28762,562,808,284,176,0.981
2627,819,29450,84,140,366,406,0.979
2628,819,19551,619,221,188,182,0.8989
2629,819,32309,63,813,218,207,0.7461
2630,82,18146,608,737,267,412,0.9819
2631,82,16687,124,153,308,484,0.9561
2632,82,13394,626,100,203,467,0.9185
2633,82,13899,125,840,320,324,0.9165
2634,820,16687,492,645,327,481,0.9331
2635,820,13899,484,149,308,300,0.8774
2636,820,13394,93,684,209,484,0.8652
2637,820,16261,140,115,213,422,0.6133
2638,822,13899,135,815,319,323,0.9873
2639,822,16687,135,115,316,474,0.9819
2640,822,13394,619,61,195,479,0.9014
2641,822,19231,592,708,232,451,0.3904
2642,822,16261,591,708,232,453,0.2861
2643,826,18356,407,862,189,190,0.9834
2644,826,22346,179,206,249,256,0.9268
2645,826,27992,542,322,298,384,0.8633
2646,826,22346,179,206,249,256,0.5312
2647,828,22346,553,864,249,251,0.9941
2648,828,18356,381,237,184,181,0.9849
2649,828,27992,126,575,307,407,0.9194
2650,829,28762,536,776,269,222,0.9531
2651,829,34596,145,776,178,204,0.9409
2652,829,22073,634,175,182,245,0.8599
2653,829,32309,97,169,209,197,0.814
2654,83,18146,84,116,255,393,0.9482
2655,83,13394,90,657,208,491,0.9312
2656,83,13899,491,127,309,301,0.854
2657,83,16687,510,604,312,480,0.5566
2658,830,32309,667,891,223,210,0.9888
2659,830,34596,639,293,170,192,0.9854
2660,830,28762,173,279,256,211,0.9854
2661,830,22073,127,827,195,258,0.7251
2662,831,28762,566,814,262,216,0.958
2663,831,32309,113,175,213,201,0.9512
2664,831,34596,179,814,173,200,0.749
2665,831,22073,664,179,186,249,0.6406
2666,831,34596,178,815,174,200,0.2974
2667,832,2482,609,162,230,222,0.9712
2668,832,1899,628,889,199,136,0.3738
2669,838,12777,589,799,212,205,0.9878
2670,838,2482,594,163,227,221,0.9639
2671,838,1899,141,240,197,127,0.7104
2672,838,3831,92,616,267,472,0.4436
2673,842,28762,125,306,267,200,0.9932
2674,842,29666,470,672,459,420,0.9546
2675,842,33008,565,261,300,264,0.8042
2676,842,19606,153,803,247,242,0.7676
2677,85,12080,590,679,282,444,0.9731
2678,85,2482,573,251,228,226,0.9614
2679,85,1899,162,256,127,197,0.9033
2680,85,3742,148,848,193,190,0.8882
2681,851,18146,610,738,267,412,0.9849
2682,851,13899,126,841,320,324,0.9307
2683,851,13394,626,100,204,467,0.9067
2684,855,13899,135,813,319,324,0.979
2685,855,13394,618,65,196,479,0.8662
2686,855,16231,96,140,298,508,0.5312
2687,855,19231,592,709,232,452,0.4226
2688,857,19606,92,680,247,242,0.9819
2689,857,25468,573,747,208,211,0.9707
2690,857,18356,337,133,182,186,0.9468
2691,858,19606,136,768,242,240,0.9858
2692,858,18356,380,190,183,180,0.9854
2693,858,25468,613,835,203,208,0.5312
2694,86,12080,118,158,267,413,0.9927
2695,86,3742,619,251,186,179,0.9785
2696,86,2482,153,769,236,234,0.9741
2697,86,1899,675,809,144,204,0.7402
2698,861,16550,122,832,259,263,0.9961
2699,861,13394,567,159,298,424,0.9502
2700,861,16687,74,105,339,454,0.9429
2701,861,16547,653,708,252,459,0.6113
2702,861,16547,655,710,252,455,0.4785
2703,862,29666,76,137,444,412,0.9751
2704,862,31862,86,828,344,300,0.9717
2705,862,28762,601,846,277,186,0.873
2706,862,22073,672,171,175,257,0.7358
2707,864,31862,50,787,348,300,0.9819
2708,864,29666,63,111,433,416,0.9736
2709,864,22073,643,169,170,251,0.9336
2710,864,28762,573,809,280,192,0.9141
2711,866,19860,31,517,441,596,0.9956
2712,866,18356,306,174,183,187,0.9746
2713,866,19231,475,559,391,372,0.9541
2714,867,19860,69,614,438,600,0.9932
2715,867,18356,347,234,183,182,0.9839
2716,867,19231,517,656,384,364,0.9756
2717,868,33879,29,59,402,508,0.978
2718,868,28762,592,846,279,167,0.9673
2719,868,19551,648,232,191,178,0.9634
2720,868,33879,30,60,400,506,0.4824
2721,868,32309,96,853,216,204,0.2659
2722,869,33879,16,43,387,500,0.9917
2723,869,28762,561,810,282,173,0.9751
2724,869,19551,619,221,188,182,0.9468
2725,869,32309,63,813,218,207,0.7788
2726,870,33879,573,677,397,520,0.9912
2727,870,19551,142,847,195,192,0.9385
2728,870,28762,132,289,275,170,0.8428
2729,870,32309,678,256,211,195,0.5449
2730,873,19860,67,616,440,598,0.9932
2731,873,18356,343,226,184,182,0.9775
2732,873,27992,615,672,284,420,0.8335
2733,874,29344,87,726,329,236,0.9873
2734,874,33879,141,154,433,478,0.9858
2735,874,28762,623,716,211,268,0.9844
2736,874,19551,626,221,187,182,0.9595
2737,874,19551,626,220,187,182,0.251
2738,875,28762,652,750,207,266,0.9907
2739,875,29344,115,769,331,230,0.9888
2740,875,33879,161,180,435,477,0.9873
2741,875,19551,654,232,193,177,0.9692
2742,878,28762,593,846,278,166,0.9829
2743,878,22073,641,208,191,249,0.8154
2744,878,32309,98,854,216,203,0.3381
2745,878,29666,77,130,325,487,0.3276
2746,879,28762,563,809,283,173,0.981
2747,879,22073,611,202,188,243,0.9028
2748,879,32309,63,813,218,206,0.6353
2749,88,12246,609,51,286,477,0.9893
2750,88,1899,129,230,203,137,0.7734
2751,880,13394,67,679,232,472,0.9507
2752,880,16261,71,95,229,471,0.9082
2753,880,13899,510,159,267,266,0.644
2754,882,13394,631,67,230,472,0.958
2755,882,16261,645,672,236,492,0.9097
2756,882,13899,145,837,273,271,0.5137
2757,883,31862,47,856,377,218,0.9858
2758,883,19551,630,219,188,186,0.9731
2759,883,32309,143,232,213,202,0.9204
2760,883,28762,601,845,277,186,0.8276
2761,886,21770,543,260,268,387,0.9956
2762,886,25468,165,285,202,203,0.9536
2763,886,18356,408,892,190,191,0.8672
2764,888,21770,163,646,261,393,0.9834
2765,888,25468,611,835,203,208,0.936
2766,888,18356,380,206,184,182,0.9336
2767,889,29344,543,296,328,230,0.9878
2768,889,32309,708,889,221,208,0.9653
2769,889,28762,143,291,209,256,0.8696
2770,889,19551,135,848,195,190,0.728
2771,89,12246,582,45,278,463,0.9854
2772,89,1899,114,222,197,140,0.8188
2773,891,29344,87,727,329,236,0.9883
2774,891,28762,623,717,211,268,0.9849
2775,891,19551,626,220,187,182,0.9688
2776,891,32309,55,172,210,198,0.8521
2777,894,33207,29,30,411,436,0.9912
2778,894,28762,622,717,211,270,0.9863
2779,894,29344,85,727,330,236,0.9766
2780,894,22073,602,203,181,247,0.9277
2781,895,12246,538,39,288,456,0.98
2782,895,35205,93,221,203,200,0.9419
2783,895,19606,584,774,227,220,0.3594
2784,896,35205,109,233,207,199,0.9844
2785,896,12246,565,47,296,467,0.8311
2786,897,35205,677,835,213,211,0.9614
2787,897,12246,116,725,309,481,0.8789
2788,898,2482,74,778,233,233,0.9775
2789,898,3831,565,584,262,483,0.9692
2790,898,35205,119,172,203,198,0.9688
2791,898,38161,615,205,175,184,0.6533
2792,9,20013,594,174,221,212,0.9858
2793,9,28762,562,809,284,174,0.9805
2794,9,30307,114,211,201,193,0.9004
2795,9,32309,63,814,221,206,0.7593
2796,90,12246,84,710,290,491,0.98
2797,90,1899,656,902,211,146,0.7646
2798,900,35205,135,176,208,201,0.9673
2799,900,2482,109,821,232,227,0.9639
2800,900,3831,596,628,255,472,0.8872
2801,900,38161,646,206,177,187,0.8398
2802,904,28762,607,791,269,207,0.9966
2803,904,20013,644,191,225,213,0.9932
2804,904,33008,122,772,314,272,0.9536
2805,906,28762,125,305,267,202,0.9937
2806,906,20013,110,856,233,224,0.9736
2807,906,33008,565,261,300,264,0.8579
2808,906,3831,554,718,286,484,0.2751
2809,908,25468,573,747,208,211,0.9824
2810,908,18356,305,194,182,186,0.9575
2811,908,20013,116,715,227,226,0.9048
2812,91,2482,122,865,241,236,0.9487
2813,91,3831,151,147,250,451,0.875
2814,91,3350,689,300,156,145,0.8267
2815,91,1899,632,890,210,140,0.6299
2816,910,33207,512,706,449,434,0.9917
2817,910,34596,641,295,171,193,0.9873
2818,910,21324,127,880,226,227,0.9727
2819,910,28762,175,278,258,211,0.7295
2820,912,33207,32,105,430,422,0.9658
2821,912,28762,534,776,267,223,0.9487
2822,912,34596,143,773,178,206,0.9268
2823,912,21324,602,159,215,216,0.7446
2824,914,22361,554,708,205,246,0.9897
2825,914,21770,43,615,345,353,0.9834
2826,914,18356,369,124,182,187,0.9824
2827,915,18356,411,178,184,183,0.9888
2828,915,21770,88,710,339,347,0.9834
2829,915,22361,596,798,198,242,0.9541
2830,915,22361,596,798,198,242,0.3469
2831,916,33207,504,684,457,424,0.9951
2832,916,28762,124,305,269,202,0.9946
2833,916,19551,140,892,196,193,0.9404
2834,916,33008,565,261,300,264,0.8726
2835,919,28762,123,307,268,201,0.9956
2836,919,29450,492,677,367,439,0.9341
2837,919,33008,564,260,299,265,0.6655
2838,920,29450,134,123,352,423,0.9746
2839,920,28762,579,758,274,207,0.8599
2840,920,33008,89,725,316,280,0.4863
2841,920,21770,90,725,316,280,0.3794
2842,923,33207,543,713,430,445,0.9932
2843,923,29344,543,296,328,230,0.9883
2844,923,28762,144,290,210,256,0.9585
2845,923,19606,111,837,247,242,0.9561
2846,925,19551,145,900,193,190,0.9609
2847,925,28762,147,221,247,217,0.9473
2848,925,31884,639,277,218,169,0.9463
2849,925,29666,485,628,437,449,0.9419
2850,927,29666,63,146,417,435,0.9897
2851,927,28762,571,835,262,231,0.9878
2852,927,31884,91,826,224,175,0.9492
2853,927,19551,616,173,186,181,0.9453
2854,929,33879,25,42,415,488,0.9932
2855,929,31862,13,813,380,221,0.9907
2856,929,19551,600,214,184,180,0.9658
2857,929,28762,575,808,279,192,0.9053
2858,930,33879,545,688,423,504,0.9917
2859,930,31862,573,232,367,217,0.8687
2860,930,19551,164,855,193,191,0.8569
2861,930,28762,124,272,269,188,0.709
2862,931,12080,578,720,318,424,0.9678
2863,931,3350,166,920,157,150,0.9111
2864,931,1899,177,269,131,195,0.8818
2865,932,12080,553,681,323,428,0.9751
2866,932,3350,131,886,159,156,0.9292
2867,932,1899,159,258,128,198,0.855
2868,933,12080,116,170,308,400,0.9824
2869,933,1899,681,809,141,204,0.667
2870,933,3350,666,253,154,150,0.626
2871,936,13394,596,113,254,442,0.958
2872,936,16687,122,194,299,492,0.9189
2873,936,16550,110,841,259,263,0.8599
2874,936,16261,655,712,213,457,0.7324
2875,936,16550,110,840,258,264,0.2673
2876,937,13899,135,814,319,324,0.98
2877,937,13394,618,65,197,478,0.8848
2878,937,16261,591,707,232,454,0.4863
2879,938,13899,133,803,316,317,0.9902
2880,938,16261,589,704,220,443,0.7388
2881,938,13394,629,32,198,486,0.4902
2882,940,19551,643,322,189,188,0.9839
2883,940,18356,422,899,187,188,0.9502
2884,940,27992,210,231,209,409,0.5117
2885,941,19551,91,712,191,190,0.9839
2886,941,18356,326,143,183,186,0.979
2887,941,27992,517,554,211,439,0.8521
2888,942,19551,133,800,190,188,0.9795
2889,942,18356,368,200,182,182,0.9629
2890,942,27992,559,646,212,440,0.9604
2891,945,20013,110,857,231,224,0.9922
2892,945,31884,638,277,218,169,0.9448
2893,945,28762,147,221,247,217,0.9272
2894,947,19551,142,847,194,190,0.9634
2895,947,28762,132,288,275,170,0.8784
2896,947,32309,592,888,221,208,0.874
2897,947,32309,678,256,211,195,0.4514
2898,948,28762,591,846,278,167,0.9722
2899,948,19551,648,231,191,178,0.9688
2900,948,32309,183,177,213,204,0.793
2901,949,29344,543,296,328,230,0.9893
2902,949,29450,506,725,406,396,0.981
2903,949,19606,111,838,247,241,0.9526
2904,949,28762,143,290,210,256,0.854
2905,95,21324,62,743,228,233,0.9961
2906,95,27732,493,721,386,237,0.9863
2907,95,18356,337,181,182,185,0.9326
2908,950,29450,77,121,388,382,0.9854
2909,950,28762,623,718,211,269,0.9849
2910,950,29344,87,727,330,236,0.9795
2911,950,19606,604,186,235,229,0.9502
2912,951,29450,90,136,403,391,0.9907
2913,951,28762,652,751,207,267,0.9902
2914,951,29344,115,770,331,230,0.9883
2915,951,19606,631,190,241,233,0.9731
2916,952,29450,564,651,376,424,0.9526
2917,952,31862,573,232,367,217,0.873
2918,952,19606,168,835,247,243,0.8066
2919,952,28762,125,272,270,188,0.7983
2920,953,29450,49,161,369,414,0.9927
2921,953,31862,13,812,379,220,0.9863
2922,953,19606,545,188,237,230,0.9678
2923,953,28762,575,809,279,192,0.9038
2924,954,19606,575,194,241,231,0.9849
2925,954,29450,66,183,375,422,0.9849
2926,954,31862,47,857,376,216,0.9683
2927,954,28762,602,845,277,186,0.8589
2928,956,12246,598,0,304,445,0.9902
2929,956,1899,158,251,201,123,0.832
2930,956,3831,598,677,254,473,0.7139
2931,956,3831,599,678,254,472,0.5908
2932,956,3350,142,865,158,151,0.4131
2933,957,12246,78,792,308,481,0.9888
2934,957,3350,689,300,156,146,0.897
2935,957,3831,150,148,250,449,0.8818
2936,957,1899,632,891,210,139,0.5776
2937,962,12246,626,110,281,467,0.9629
2938,962,3350,143,848,159,155,0.5371
2939,962,3482,473,780,402,269,0.3557
2940,962,3350,142,848,159,155,0.2847
2941,966,1899,654,901,213,148,0.7705
2942,966,2482,127,851,239,236,0.4341
2943,967,21324,587,306,228,224,0.9795
2944,967,27925,126,302,259,292,0.9507
2945,967,18356,407,887,187,190,0.8931
2946,968,21324,111,697,230,232,0.9849
2947,968,18356,340,157,183,185,0.9814
2948,968,27925,560,624,264,306,0.9531
2949,97,12080,117,170,308,402,0.9771
2950,97,1899,681,808,140,204,0.7959
2951,97,2482,100,821,238,236,0.7446
2952,97,3350,666,253,154,150,0.6245
2953,972,12246,573,16,327,434,0.9678
2954,972,3742,125,774,193,187,0.9609
2955,972,3831,570,628,259,484,0.8931
2956,972,1899,142,241,195,127,0.5078
2957,973,12080,615,719,277,435,0.9937
2958,973,12246,572,84,302,463,0.9839
2959,973,3742,182,884,190,184,0.8989
2960,973,1899,180,270,130,192,0.8901
2961,974,12246,545,75,296,453,0.9932
2962,974,12080,590,679,282,444,0.9771
2963,974,3742,147,848,193,190,0.8989
2964,974,1899,162,256,127,198,0.8242
2965,975,12080,117,158,267,413,0.9922
2966,975,3742,619,251,186,179,0.9712
2967,975,12246,103,691,313,480,0.9409
2968,975,1899,674,811,145,201,0.6514
2969,979,24849,70,551,288,333,0.9849
2970,979,20876,585,710,185,191,0.98
2971,979,18356,391,157,185,186,0.9355
2972,980,24849,577,308,274,318,0.9785
2973,980,18356,354,873,189,188,0.9712
2974,980,20876,171,311,183,190,0.9155
2975,982,13394,656,119,218,462,0.9497
2976,982,13899,117,842,321,323,0.9053
2977,982,16261,636,675,242,506,0.8706
2978,983,13899,113,826,319,322,0.9766
2979,983,13394,664,76,213,491,0.9253
2980,983,16261,629,675,232,495,0.8223
2981,984,13899,495,125,313,304,0.8882
2982,984,16261,90,86,224,476,0.7842
2983,984,13394,52,656,210,483,0.769
2984,985,2482,576,186,230,224,0.9775
2985,985,4542,113,742,200,280,0.9429
2986,985,3482,518,802,423,232,0.855
2987,985,1899,140,216,198,150,0.5117
2988,986,2482,144,837,240,235,0.9834
2989,986,3482,47,233,403,224,0.9521
2990,986,4542,646,259,188,267,0.8989
2991,986,1899,634,891,208,158,0.6724
2992,986,4542,646,259,188,264,0.5254
2993,986,3482,45,233,404,224,0.3999
2994,988,31884,123,866,220,168,0.9731
2995,988,30307,160,182,204,197,0.7705
2996,988,28762,598,870,255,228,0.5293
2997,989,31884,89,826,224,173,0.9541
2998,989,28762,570,834,262,232,0.9497
2999,989,30307,143,177,202,192,0.7324
3000,989,20013,143,177,201,192,0.251
3001,990,28762,150,219,246,217,0.9717
3002,990,31884,640,277,219,168,0.936
3003,990,30307,624,888,215,206,0.8364
3004,991,35205,92,220,204,200,0.9727
3005,991,2482,572,221,231,225,0.9653
3006,991,19606,584,774,227,220,0.2878
3007,993,35205,109,233,208,199,0.9883
3008,993,2482,603,233,233,223,0.9136
3009,994,29450,509,753,389,429,0.9272
3010,994,19606,119,845,246,244,0.916
3011,994,28762,132,288,276,171,0.8706
3012,994,32309,678,256,211,195,0.3887
3013,996,19606,623,183,240,232,0.9829
3014,996,29450,114,78,375,415,0.9814
3015,996,28762,591,846,277,167,0.9692
3016,996,32309,96,853,217,203,0.3091
3017,997,12246,591,64,281,463,0.9893
3018,997,3742,122,805,193,189,0.9351
3019,997,3482,454,807,425,224,0.8438
3020,998,3742,156,840,190,184,0.9844
3021,998,12246,619,71,286,476,0.9038
3022,998,3482,485,844,418,219,0.8818
3023,998,1899,168,248,181,179,0.7812
3024,999,12246,80,691,287,492,0.9727
3025,999,3482,103,236,408,214,0.9341
3026,999,3742,644,290,187,180,0.8018
3027,999,1899,646,845,188,186,0.7056
3028,999,3482,105,236,406,215,0.4072
