annotation_id,image_id,category_id,bbox_x,bbox_y,bbox_w,bbox_h,score
1,1003,34596,51,180,401,386,0.99
2,1003,16231,655,191,175,168,0.99
3,1003,27732,134,780,280,259,0.99
4,1003,3482,615,795,250,197,0.99
5,1004,3482,138,313,245,187,0.99
6,1004,27732,581,265,272,254,0.99
7,1004,16231,151,898,179,181,0.99
8,1004,34596,541,677,409,407,0.99
9,1005,34596,38,151,389,391,0.99
10,1005,16231,626,183,170,172,0.99
11,1005,27732,99,734,285,272,0.99
12,1005,3482,586,763,254,197,0.99
13,1006,25366,61,198,389,391,0.99
14,1006,20237,628,203,200,201,0.99
15,1006,25468,59,868,342,197,0.99
16,1006,3482,612,849,256,177,0.99
17,1007,25366,47,179,377,386,0.99
18,1007,20237,599,198,196,198,0.99
19,1007,25468,23,822,348,202,0.99
20,1007,3482,583,814,261,181,0.99
21,1009,22346,87,203,180,182,0.99
22,1009,16261,559,195,208,212,0.99
23,1009,25468,23,823,348,201,0.99
24,1009,3482,583,814,263,181,0.99
25,100,1899,141,247,175,153,0.99
26,100,16547,596,139,207,209,0.99
27,100,18109,58,758,272,279,0.99
28,100,33008,530,804,356,191,0.99
29,1010,22346,103,211,184,187,0.99
30,1010,16261,588,202,212,214,0.99
31,1010,25468,59,867,342,198,0.99
32,1010,3482,612,848,256,179,0.99
33,1012,1899,148,250,180,112,0.99
34,1012,16547,620,165,208,210,0.99
35,1012,24849,153,716,150,272,0.99
36,1012,27925,586,651,212,450,0.99
37,1013,27925,180,165,206,421,0.99
38,1013,24849,660,287,143,253,0.99
39,1013,16547,118,874,218,222,0.99
40,1013,1899,644,901,189,117,0.99
41,1014,1899,165,261,184,107,0.99
42,1014,16547,650,172,212,210,0.99
43,1014,24849,186,756,147,268,0.99
44,1014,27925,614,697,209,443,0.99
45,1015,30307,79,139,354,381,0.99
46,1015,35205,674,191,185,377,0.99
47,1015,20876,128,780,305,214,0.99
48,1015,3482,658,755,186,252,0.99
49,1016,3482,156,299,186,241,0.99
50,1016,20876,561,303,300,215,0.99
51,1016,35205,121,687,195,387,0.99
52,1016,30307,559,734,364,388,0.99
53,1018,3482,138,314,246,186,0.99
54,1018,27732,576,260,271,253,0.99
55,1018,29666,101,870,205,212,0.99
56,1018,30307,460,753,438,283,0.99
57,1019,30307,102,226,429,275,0.99
58,1019,29666,679,190,200,200,0.99
59,1019,27732,140,787,279,260,0.99
60,1019,3482,615,796,250,196,0.99
61,1020,30307,87,203,417,274,0.99
62,1020,29666,649,186,196,200,0.99
63,1020,27732,105,741,285,261,0.99
64,1020,3482,586,762,253,197,0.99
65,1022,1899,154,245,163,170,0.99
66,1022,16550,644,44,235,436,0.99
67,1022,29450,48,815,387,201,0.99
68,1022,33207,592,818,188,189,0.99
69,1023,1899,174,253,163,171,0.99
70,1023,16550,674,48,241,449,0.99
71,1023,29450,84,858,381,192,0.99
72,1023,33207,620,852,185,183,0.99
73,1025,3482,156,298,186,241,0.99
74,1025,20876,562,302,299,216,0.99
75,1025,16261,126,846,217,221,0.99
76,1025,28762,662,871,192,192,0.99
77,1026,28762,144,212,188,186,0.99
78,1026,16261,643,200,213,214,0.99
79,1026,20876,128,780,304,216,0.99
80,1026,3482,657,756,187,253,0.99
81,1027,13899,195,291,182,223,0.99
82,1027,16231,609,270,169,174,0.99
83,1027,3350,363,891,171,178,0.99
84,1028,3350,401,164,165,174,0.99
85,1028,16231,144,787,174,175,0.99
86,1028,13899,560,713,189,235,0.99
87,1029,3350,444,222,167,167,0.99
88,1029,16231,186,873,173,180,0.99
89,1029,13899,600,803,185,231,0.99
90,102,1899,158,258,179,154,0.99
91,102,16547,624,143,213,213,0.99
92,102,18109,93,804,267,272,0.99
93,102,33008,560,846,340,183,0.99
94,1030,34596,61,168,397,380,0.99
95,1030,35205,590,131,209,360,0.99
96,1030,27732,100,734,286,271,0.99
97,1030,3482,587,763,254,198,0.99
98,1034,3482,162,226,226,204,0.99
99,1034,19860,653,284,200,156,0.99
100,1034,36636,106,915,253,148,0.99
101,1034,28762,667,892,193,193,0.99
102,1039,28762,136,221,186,187,0.99
103,1039,16261,588,202,212,214,0.99
104,1039,25468,59,868,342,197,0.99
105,1039,3482,612,849,255,177,0.99
106,1041,3482,138,282,249,171,0.99
107,1041,25468,593,241,333,196,0.99
108,1041,16261,183,843,217,223,0.99
109,1041,28762,671,862,191,192,0.99
110,1043,3350,322,176,165,173,0.99
111,1043,18356,64,640,243,330,0.99
112,1043,35205,528,620,212,391,0.99
113,1044,3350,363,234,166,167,0.99
114,1044,18356,105,734,242,332,0.99
115,1044,35205,568,716,207,386,0.99
116,1045,28762,143,221,184,183,0.99
117,1045,29666,605,184,196,202,0.99
118,1045,20876,51,766,303,233,0.99
119,1045,3482,629,723,188,255,0.99
120,1046,28762,161,230,188,186,0.99
121,1046,29666,634,190,200,200,0.99
122,1046,20876,84,810,301,226,0.99
123,1046,3482,657,755,186,254,0.99
124,1047,3482,157,298,186,240,0.99
125,1047,20876,608,267,295,222,0.99
126,1047,29666,147,870,205,211,0.99
127,1047,28762,644,853,193,192,0.99
128,104,3350,333,212,165,173,0.99
129,104,18356,119,624,224,345,0.99
130,104,21324,624,769,160,216,0.99
131,1050,22626,128,211,260,419,0.99
132,1050,2482,666,110,165,444,0.99
133,1050,5093,148,861,251,251,0.99
134,1050,22361,627,802,216,374,0.99
135,1051,4377,159,139,173,390,0.99
136,1051,5093,565,203,243,247,0.99
137,1051,2482,107,700,192,441,0.99
138,1051,23222,516,686,326,427,0.99
139,1053,23222,104,111,315,419,0.99
140,1053,2482,635,80,182,440,0.99
141,1053,5093,116,814,251,251,0.99
142,1053,4377,605,727,181,411,0.99
143,1055,31884,69,53,369,457,0.99
144,1055,29666,659,194,195,200,0.99
145,1055,27732,93,741,293,251,0.99
146,1055,3482,577,771,256,195,0.99
147,1056,31884,81,68,384,466,0.99
148,1056,29666,688,199,200,199,0.99
149,1056,27732,128,787,287,250,0.99
150,1056,3482,607,805,251,191,0.99
151,1057,12777,113,113,255,447,0.99
152,1057,2482,622,92,214,435,0.99
153,1057,25437,117,837,238,238,0.99
154,1057,4377,660,734,184,410,0.99
155,1058,12777,118,160,250,433,0.99
156,1058,2482,611,137,219,409,0.99
157,1058,25437,119,850,241,245,0.99
158,1058,4377,673,736,179,419,0.99
159,1060,13394,139,87,195,429,0.99
160,1060,25437,565,214,230,232,0.99
161,1060,2482,135,704,175,448,0.99
162,1060,22626,562,674,284,424,0.99
163,1064,34596,74,154,403,384,0.99
164,1064,20237,628,203,200,201,0.99
165,1064,25468,59,868,342,197,0.99
166,1064,3482,612,848,256,178,0.99
167,1065,3482,139,283,248,170,0.99
168,1065,25468,592,242,334,195,0.99
169,1065,20237,154,859,204,207,0.99
170,1065,34596,515,703,413,405,0.99
171,1067,3482,147,299,253,153,0.99
172,1067,27652,696,266,183,178,0.99
173,1067,16261,134,855,216,222,0.99
174,1067,31884,585,689,359,503,0.99
175,1069,21770,124,209,171,172,0.99
176,1069,16547,652,173,213,211,0.99
177,1069,21025,145,875,162,164,0.99
178,1069,1899,632,900,186,122,0.99
179,1070,1899,186,288,183,124,0.99
180,1070,21025,683,279,159,159,0.99
181,1070,16547,115,872,217,223,0.99
182,1070,21770,698,888,178,179,0.99
183,1073,22346,122,204,183,182,0.99
184,1073,36636,642,185,163,231,0.99
185,1073,27776,152,780,159,197,0.99
186,1073,3482,543,782,249,211,0.99
187,1075,3543,109,165,185,187,0.99
188,1075,4542,620,148,182,185,0.99
189,1075,16550,110,611,294,435,0.99
190,1075,29870,612,778,184,209,0.99
191,1076,29870,181,284,180,201,0.99
192,1076,16550,562,207,280,414,0.99
193,1076,4542,144,925,192,195,0.99
194,1076,3543,680,906,195,197,0.99
195,1077,3543,125,172,188,190,0.99
196,1077,4542,648,149,188,187,0.99
197,1077,16550,146,662,286,430,0.99
198,1077,29870,639,815,183,204,0.99
199,1079,22346,128,225,184,185,0.99
200,1079,29666,634,193,201,201,0.99
201,1079,20876,82,809,300,228,0.99
202,1079,3482,654,759,188,253,0.99
203,1080,22346,110,216,182,182,0.99
204,1080,29666,605,187,197,202,0.99
205,1080,20876,49,765,302,234,0.99
206,1080,3482,626,726,189,255,0.99
207,1081,44198,103,192,230,212,0.99
208,1081,16550,498,214,418,305,0.99
209,1081,21025,133,874,162,163,0.99
210,1081,1899,618,910,187,120,0.99
211,1085,25366,49,154,387,375,0.99
212,1085,16231,634,226,170,172,0.99
213,1085,20876,96,735,307,223,0.99
214,1085,3482,630,722,188,255,0.99
215,1087,3543,140,181,185,186,0.99
216,1087,10220,632,211,196,200,0.99
217,1087,16550,105,610,247,451,0.99
218,1087,31704,580,695,228,421,0.99
219,1089,31704,170,165,221,389,0.99
220,1089,16550,610,200,244,430,0.99
221,1089,10220,120,842,204,208,0.99
222,1089,3543,647,894,194,197,0.99
223,108,12777,149,88,204,460,0.99
224,108,2482,622,109,207,437,0.99
225,108,25437,151,851,238,239,0.99
226,108,22361,604,767,219,374,0.99
227,1092,44198,151,251,213,214,0.99
228,1092,33008,590,224,284,268,0.99
229,1092,16547,96,922,219,222,0.99
230,1092,1899,664,855,190,150,0.99
231,1093,3482,162,227,226,204,0.99
232,1093,19860,653,284,200,156,0.99
233,1093,16261,117,860,216,221,0.99
234,1093,34596,532,709,409,409,0.99
235,1095,34596,61,144,399,388,0.99
236,1095,16261,652,186,212,212,0.99
237,1095,19860,134,872,203,156,0.99
238,1095,3482,610,872,234,219,0.99
239,1096,3543,99,202,185,187,0.99
240,1096,16550,498,125,404,307,0.99
241,1096,6562,177,688,183,340,0.99
242,1096,27992,560,786,284,225,0.99
243,1097,3543,115,211,189,189,0.99
244,1097,16550,524,138,415,309,0.99
245,1097,6562,210,730,179,336,0.99
246,1097,27992,588,826,279,215,0.99
247,1098,27992,140,262,269,215,0.99
248,1098,6562,605,246,175,311,0.99
249,1098,16550,37,798,430,322,0.99
250,1098,3543,690,869,194,196,0.99
251,109,3482,162,226,226,205,0.99
252,109,19860,653,284,200,157,0.99
253,109,35205,130,786,259,368,0.99
254,109,25366,616,738,328,454,0.99
255,10,29450,123,251,371,191,0.99
256,10,21770,655,296,168,167,0.99
257,10,16547,116,816,216,220,0.99
258,10,1899,655,849,168,178,0.99
259,1100,31884,67,117,365,467,0.99
260,1100,36636,643,186,162,231,0.99
261,1100,27776,152,780,159,196,0.99
262,1100,3482,543,783,247,210,0.99
263,1101,31884,80,138,378,469,0.99
264,1101,36636,672,189,167,237,0.99
265,1101,27776,185,818,156,192,0.99
266,1101,3482,573,817,242,206,0.99
267,1105,22346,120,218,185,185,0.99
268,1105,35205,617,139,217,369,0.99
269,1105,27732,135,781,279,259,0.99
270,1105,3482,615,796,250,196,0.99
271,1109,28762,149,232,188,186,0.99
272,1109,16261,636,190,211,213,0.99
273,1109,27652,108,860,188,189,0.99
274,1109,3482,599,851,261,155,0.99
275,110,25366,60,75,317,441,0.99
276,110,35205,600,108,247,358,0.99
277,110,19860,134,872,203,156,0.99
278,110,3482,610,872,235,220,0.99
279,1111,28762,125,196,184,182,0.99
280,1111,29666,613,183,197,201,0.99
281,1111,27652,72,820,198,191,0.99
282,1111,3482,569,815,264,162,0.99
283,1114,3482,146,299,253,153,0.99
284,1114,27652,696,266,183,177,0.99
285,1114,35205,130,704,159,388,0.99
286,1114,30307,581,710,356,394,0.99
287,1115,30307,52,141,335,378,0.99
288,1115,35205,665,159,162,373,0.99
289,1115,27652,73,821,196,191,0.99
290,1115,3482,570,815,264,163,0.99
291,1116,30307,66,158,345,388,0.99
292,1116,35205,695,171,164,379,0.99
293,1116,27652,108,861,186,188,0.99
294,1116,3482,598,851,261,156,0.99
295,1118,29870,213,248,145,220,0.99
296,1118,6562,610,252,175,311,0.99
297,1118,16547,115,890,217,222,0.99
298,1118,3543,689,866,194,197,0.99
299,1119,3543,116,213,189,189,0.99
300,1119,16547,654,154,211,212,0.99
301,1119,6562,204,724,180,336,0.99
302,1119,29870,642,834,149,226,0.99
303,1121,3482,140,282,247,169,0.99
304,1121,25468,593,194,294,266,0.99
305,1121,29666,151,879,205,212,0.99
306,1121,28762,638,869,192,193,0.99
307,1123,3482,138,313,245,188,0.99
308,1123,27732,581,265,272,253,0.99
309,1123,16261,168,813,217,220,0.99
310,1123,25366,524,683,397,403,0.99
311,1125,25366,80,182,388,392,0.99
312,1125,16261,604,235,212,213,0.99
313,1125,27732,134,780,280,259,0.99
314,1125,3482,615,796,249,196,0.99
315,1126,3482,157,298,187,239,0.99
316,1126,20876,563,303,299,215,0.99
317,1126,16261,126,845,217,221,0.99
318,1126,31884,535,742,432,455,0.99
319,1129,3482,138,313,245,188,0.99
320,1129,27732,580,264,273,255,0.99
321,1129,20237,127,863,206,208,0.99
322,1129,22346,695,834,190,191,0.99
323,112,3543,134,242,189,188,0.99
324,112,10220,643,207,200,199,0.99
325,112,16550,175,606,258,439,0.99
326,112,33008,573,821,337,190,0.99
327,1135,1899,158,259,180,153,0.99
328,1135,16550,626,75,238,448,0.99
329,1135,18109,93,804,268,271,0.99
330,1135,33008,560,846,340,181,0.99
331,1136,33008,107,269,330,185,0.99
332,1136,18109,631,234,263,264,0.99
333,1136,16550,117,723,245,460,0.99
334,1136,1899,655,859,185,161,0.99
335,1138,34596,48,115,313,440,0.99
336,1138,20237,605,180,195,198,0.99
337,1138,27652,74,821,198,191,0.99
338,1138,3482,572,815,264,162,0.99
339,113,33008,98,283,326,197,0.99
340,113,16550,561,246,253,429,0.99
341,113,10220,140,852,204,210,0.99
342,113,3543,671,840,193,195,0.99
343,1140,34596,61,139,324,442,0.99
344,1140,20237,634,184,199,200,0.99
345,1140,27652,109,861,188,189,0.99
346,1140,3482,600,851,259,155,0.99
347,1141,12080,82,144,194,387,0.99
348,1141,25437,565,204,231,233,0.99
349,1141,2482,80,666,264,422,0.99
350,1141,23222,607,605,230,452,0.99
351,1142,23222,101,168,229,448,0.99
352,1142,2482,589,134,263,422,0.99
353,1142,25437,129,829,238,238,0.99
354,1142,12080,663,729,204,409,0.99
355,1143,23222,105,210,226,435,0.99
356,1143,2482,581,176,266,398,0.99
357,1143,25437,131,841,241,245,0.99
358,1143,12080,670,735,214,417,0.99
359,1144,31884,65,186,386,470,0.99
360,1144,16261,588,203,211,213,0.99
361,1144,25468,59,867,342,198,0.99
362,1144,3482,612,848,256,177,0.99
363,1148,3350,393,168,165,172,0.99
364,1148,16231,155,739,176,177,0.99
365,1148,41767,562,638,245,289,0.99
366,1149,3350,436,227,167,167,0.99
367,1149,16231,197,827,175,177,0.99
368,1149,41767,602,726,241,292,0.99
369,114,3543,118,230,184,188,0.99
370,114,10220,614,198,195,200,0.99
371,114,16550,141,556,264,445,0.99
372,114,33008,545,777,343,204,0.99
373,1150,34596,98,80,350,428,0.99
374,1150,29666,640,173,201,200,0.99
375,1150,27776,184,818,156,192,0.99
376,1150,3482,572,818,242,206,0.99
377,1153,22346,153,215,185,185,0.99
378,1153,16231,654,181,171,174,0.99
379,1153,19860,134,872,203,157,0.99
380,1153,3482,610,871,235,221,0.99
381,1154,22346,135,207,182,182,0.99
382,1154,16231,625,177,167,170,0.99
383,1154,19860,99,833,207,162,0.99
384,1154,3482,582,838,240,224,0.99
385,1155,3482,162,226,227,205,0.99
386,1155,19860,653,284,200,156,0.99
387,1155,16231,155,906,176,177,0.99
388,1155,22346,654,868,191,191,0.99
389,1156,13899,188,289,189,219,0.99
390,1156,16261,586,317,215,219,0.99
391,1156,3350,402,865,170,177,0.99
392,1157,3350,365,190,164,171,0.99
393,1157,16261,124,686,219,225,0.99
394,1157,13899,560,721,197,230,0.99
395,1158,3350,406,249,167,167,0.99
396,1158,16261,166,777,218,218,0.99
397,1158,13899,600,811,193,225,0.99
398,1159,18356,166,316,214,329,0.99
399,1159,16231,656,302,169,179,0.99
400,1159,3350,412,816,169,177,0.99
401,115,3482,138,314,245,186,0.99
402,115,27732,575,260,272,253,0.99
403,115,36636,111,889,247,162,0.99
404,115,25366,528,663,366,427,0.99
405,1161,3350,396,287,167,167,0.99
406,1161,16231,140,823,172,175,0.99
407,1161,18356,596,629,217,347,0.99
408,1163,3543,126,191,189,188,0.99
409,1163,10220,666,206,201,199,0.99
410,1163,16550,59,624,256,439,0.99
411,1163,29450,510,821,373,213,0.99
412,1164,3543,110,185,185,186,0.99
413,1164,10220,637,198,196,200,0.99
414,1164,16550,30,575,255,448,0.99
415,1164,29450,480,781,379,222,0.99
416,1166,3482,140,282,247,170,0.99
417,1166,25468,593,194,293,267,0.99
418,1166,36636,144,839,162,248,0.99
419,1166,25366,603,703,335,449,0.99
420,1167,25366,65,115,325,437,0.99
421,1167,36636,682,182,153,241,0.99
422,1167,25468,99,837,302,285,0.99
423,1167,3482,611,850,256,176,0.99
424,1168,30307,56,34,297,396,0.99
425,1168,29666,601,175,196,202,0.99
426,1168,25468,60,797,312,282,0.99
427,1168,3482,581,814,262,181,0.99
428,1170,30307,66,40,310,412,0.99
429,1170,29666,630,180,200,201,0.99
430,1170,25468,98,838,303,283,0.99
431,1170,3482,610,850,257,177,0.99
432,1171,3543,129,187,185,186,0.99
433,1171,4542,648,159,182,184,0.99
434,1171,10220,101,795,202,206,0.99
435,1171,16547,588,753,217,219,0.99
436,1173,16547,174,295,208,209,0.99
437,1173,10220,657,270,195,196,0.99
438,1173,4542,115,914,191,195,0.99
439,1173,3543,658,884,195,196,0.99
440,1174,3482,148,299,252,152,0.99
441,1174,27652,697,267,183,177,0.99
442,1174,29666,138,872,205,210,0.99
443,1174,30307,599,770,353,401,0.99
444,1176,30307,53,91,340,392,0.99
445,1176,29666,642,189,201,200,0.99
446,1176,27652,106,859,188,190,0.99
447,1176,3482,598,851,259,156,0.99
448,1178,31884,120,69,346,473,0.99
449,1178,20237,587,198,196,198,0.99
450,1178,27776,152,782,159,196,0.99
451,1178,3482,546,784,247,211,0.99
452,1180,21324,196,315,148,212,0.99
453,1180,19231,506,243,302,240,0.99
454,1180,3350,405,923,171,179,0.99
455,1184,1899,199,281,182,122,0.99
456,1184,21025,695,282,159,158,0.99
457,1184,16547,157,887,219,222,0.99
458,1184,24849,695,841,153,275,0.99
459,1185,24849,150,157,149,268,0.99
460,1185,16547,610,158,214,212,0.99
461,1185,21025,133,874,162,163,0.99
462,1185,1899,618,910,187,120,0.99
463,1186,4377,159,139,173,390,0.99
464,1186,5093,565,204,243,246,0.99
465,1186,2482,103,701,199,440,0.99
466,1186,19551,546,591,249,441,0.99
467,1187,19551,146,194,242,437,0.99
468,1187,2482,634,81,186,439,0.99
469,1187,5093,116,814,251,251,0.99
470,1187,4377,604,727,182,411,0.99
471,1189,22626,141,170,225,431,0.99
472,1189,2482,611,97,206,437,0.99
473,1189,3742,130,800,296,296,0.99
474,1189,12080,622,737,192,409,0.99
475,118,13899,72,316,213,204,0.99
476,118,16687,440,97,390,487,0.99
477,118,3350,467,854,170,177,0.99
478,1190,22626,145,210,221,421,0.99
479,1190,2482,608,141,192,413,0.99
480,1190,3742,132,811,300,303,0.99
481,1190,12080,628,743,203,419,0.99
482,1191,12080,131,137,185,387,0.99
483,1191,3742,507,179,287,278,0.99
484,1191,2482,108,688,216,436,0.99
485,1191,22626,569,618,231,436,0.99
486,1192,33008,106,269,332,184,0.99
487,1192,24849,667,220,142,250,0.99
488,1192,16550,111,715,243,460,0.99
489,1192,1899,656,859,185,162,0.99
490,1194,1899,158,258,179,154,0.99
491,1194,16550,632,83,240,448,0.99
492,1194,24849,180,832,145,269,0.99
493,1194,33008,560,846,341,182,0.99
494,1196,3482,186,286,235,198,0.99
495,1196,27776,649,299,153,184,0.99
496,1196,35205,164,721,194,385,0.99
497,1196,28762,633,896,193,193,0.99
498,1197,28762,172,186,187,188,0.99
499,1197,35205,632,156,184,378,0.99
500,1197,27776,187,819,156,193,0.99
501,1197,3482,575,816,243,206,0.99
502,1198,28762,140,222,186,188,0.99
503,1198,20237,614,202,201,201,0.99
504,1198,27776,184,821,158,193,0.99
505,1198,3482,575,819,243,206,0.99
506,1199,3482,186,284,236,196,0.99
507,1199,27776,650,298,153,184,0.99
508,1199,20237,167,858,205,208,0.99
509,1199,28762,667,860,191,193,0.99
510,119,3350,301,200,167,172,0.99
511,119,16687,97,598,400,529,0.99
512,119,13899,660,711,212,211,0.99
513,1201,3543,151,193,185,186,0.99
514,1201,16547,594,220,209,210,0.99
515,1201,21025,108,829,165,166,0.99
516,1201,12246,592,822,189,144,0.99
517,1204,32309,79,224,319,238,0.99
518,1204,22073,695,271,167,174,0.99
519,1204,3350,400,868,178,179,0.99
520,1206,3350,405,231,166,167,0.99
521,1206,22073,99,860,172,175,0.99
522,1206,32309,578,824,331,256,0.99
523,1207,3482,186,286,235,197,0.99
524,1207,27776,649,299,153,184,0.99
525,1207,16231,164,835,171,179,0.99
526,1207,22346,700,820,189,191,0.99
527,1209,22346,110,265,184,187,0.99
528,1209,16231,652,257,168,169,0.99
529,1209,27776,188,820,155,192,0.99
530,1209,3482,575,816,243,206,0.99
531,120,3350,342,261,167,167,0.99
532,120,16687,138,696,397,534,0.99
533,120,13899,696,801,214,207,0.99
534,1210,34596,83,161,425,356,0.99
535,1210,35205,674,191,185,377,0.99
536,1210,20876,128,780,305,215,0.99
537,1210,3482,658,754,186,254,0.99
538,1212,3482,156,299,186,240,0.99
539,1212,20876,561,303,300,215,0.99
540,1212,35205,121,687,194,386,0.99
541,1212,34596,483,725,435,376,0.99
542,1213,22626,147,40,231,430,0.99
543,1213,2482,678,90,164,442,0.99
544,1213,25437,135,844,238,238,0.99
545,1213,5885,606,708,202,449,0.99
546,1214,22626,152,92,224,415,0.99
547,1214,2482,673,134,159,417,0.99
548,1214,25437,137,855,241,246,0.99
549,1214,5885,612,710,214,456,0.99
550,1216,27925,187,194,213,422,0.99
551,1216,16550,646,199,233,432,0.99
552,1216,10220,145,854,203,209,0.99
553,1216,3543,672,872,194,197,0.99
554,1219,3543,110,247,186,187,0.99
555,1219,10220,659,214,196,200,0.99
556,1219,16550,83,600,288,434,0.99
557,1219,29344,593,685,241,415,0.99
558,1220,3543,128,258,189,188,0.99
559,1220,10220,689,223,200,198,0.99
560,1220,16550,112,649,289,426,0.99
561,1220,29344,622,723,234,411,0.99
562,1222,25366,118,131,252,449,0.99
563,1222,36636,620,211,167,230,0.99
564,1222,27652,73,821,194,191,0.99
565,1222,3482,570,815,264,162,0.99
566,1224,25366,140,144,252,462,0.99
567,1224,36636,649,217,170,235,0.99
568,1224,27652,108,860,187,189,0.99
569,1224,3482,599,851,260,155,0.99
570,1226,31884,143,26,263,511,0.99
571,1226,35205,600,109,247,357,0.99
572,1226,19860,134,872,203,156,0.99
573,1226,3482,610,872,235,219,0.99
574,1227,3482,162,226,226,205,0.99
575,1227,19860,653,284,200,156,0.99
576,1227,35205,130,786,259,368,0.99
577,1227,31884,586,710,270,524,0.99
578,122,25366,75,119,300,433,0.99
579,122,29666,601,176,196,202,0.99
580,122,25468,59,796,312,282,0.99
581,122,3482,582,814,260,181,0.99
582,1232,3482,160,296,186,238,0.99
583,1232,20876,612,267,294,224,0.99
584,1232,29666,146,868,205,210,0.99
585,1232,31884,571,675,362,499,0.99
586,1235,1899,158,258,179,154,0.99
587,1235,16547,630,152,214,214,0.99
588,1235,21770,169,813,171,173,0.99
589,1235,33008,560,846,341,183,0.99
590,1237,1899,113,278,183,107,0.99
591,1237,16547,624,197,212,210,0.99
592,1237,31704,180,706,221,414,0.99
593,1237,44198,644,811,134,261,0.99
594,1238,44198,226,243,128,251,0.99
595,1238,31704,592,194,217,391,0.99
596,1238,16547,146,852,217,221,0.99
597,1238,1899,696,887,189,116,0.99
598,1239,1899,96,267,180,111,0.99
599,1239,16547,595,188,208,211,0.99
600,1239,31704,148,664,224,420,0.99
601,1239,44198,616,778,138,268,0.99
602,1242,1899,168,266,105,183,0.99
603,1242,16550,564,110,242,437,0.99
604,1242,29344,105,724,245,414,0.99
605,1242,44198,648,815,133,268,0.99
606,1243,30307,78,154,329,401,0.99
607,1243,35205,617,139,216,369,0.99
608,1243,27732,135,781,279,258,0.99
609,1243,3482,615,796,250,195,0.99
610,1244,3482,136,314,247,187,0.99
611,1244,27732,580,265,272,254,0.99
612,1244,35205,146,746,226,378,0.99
613,1244,30307,586,701,338,407,0.99
614,1245,30307,66,138,316,389,0.99
615,1245,35205,589,130,209,361,0.99
616,1245,27732,100,734,286,273,0.99
617,1245,3482,587,762,253,198,0.99
618,1246,34596,73,108,339,426,0.99
619,1246,16261,588,194,208,212,0.99
620,1246,27776,152,782,159,196,0.99
621,1246,3482,544,783,248,211,0.99
622,1248,3482,188,284,234,197,0.99
623,1248,27776,651,299,152,184,0.99
624,1248,16261,153,845,217,221,0.99
625,1248,34596,554,685,362,445,0.99
626,124,1899,186,288,183,125,0.99
627,124,21025,683,280,159,159,0.99
628,124,16550,19,781,327,429,0.99
629,124,21770,699,889,177,179,0.99
630,1250,12777,146,122,206,445,0.99
631,1250,2482,630,126,174,414,0.99
632,1250,5093,117,824,255,259,0.99
633,1250,4377,610,730,193,419,0.99
634,1251,4377,159,139,173,390,0.99
635,1251,5093,565,203,243,247,0.99
636,1251,2482,103,700,198,441,0.99
637,1251,12777,585,686,218,468,0.99
638,1252,30307,88,96,351,384,0.99
639,1252,29666,635,193,200,201,0.99
640,1252,20876,82,810,300,226,0.99
641,1252,3482,654,759,188,253,0.99
642,1254,30307,77,85,338,371,0.99
643,1254,29666,605,188,197,202,0.99
644,1254,20876,49,765,303,234,0.99
645,1254,3482,626,726,190,255,0.99
646,1256,31704,153,148,214,389,0.99
647,1256,19606,667,280,138,135,0.99
648,1256,16550,118,684,254,452,0.99
649,1256,1899,656,834,152,189,0.99
650,125,21770,124,209,171,172,0.99
651,125,16550,642,49,311,415,0.99
652,125,21025,146,876,162,163,0.99
653,125,1899,632,899,186,123,0.99
654,1261,22346,150,175,183,185,0.99
655,1261,16231,656,236,174,170,0.99
656,1261,27652,107,860,187,189,0.99
657,1261,3482,598,851,260,156,0.99
658,1262,22346,132,170,181,181,0.99
659,1262,16231,627,226,171,172,0.99
660,1262,27652,72,820,194,191,0.99
661,1262,3482,569,815,264,163,0.99
662,1263,3482,147,299,252,152,0.99
663,1263,27652,697,266,182,177,0.99
664,1263,16231,152,852,178,180,0.99
665,1263,22346,660,907,190,193,0.99
666,1264,36636,234,326,189,228,0.99
667,1264,31862,647,329,188,191,0.99
668,1264,3350,401,869,171,177,0.99
669,1265,3350,365,185,165,174,0.99
670,1265,31862,88,711,193,198,0.99
671,1265,36636,513,670,196,238,0.99
672,1266,3350,406,244,168,168,0.99
673,1266,31862,130,798,191,191,0.99
674,1266,36636,553,760,193,232,0.99
675,1269,3350,370,239,167,167,0.99
676,1269,36636,224,777,197,229,0.99
677,1269,13899,626,769,157,247,0.99
678,126,21770,107,201,168,170,0.99
679,126,16550,614,42,300,406,0.99
680,126,21025,111,841,165,166,0.99
681,126,1899,604,864,190,130,0.99
682,1270,27925,181,165,206,422,0.99
683,1270,18109,661,281,263,267,0.99
684,1270,16547,129,861,217,221,0.99
685,1270,1899,644,902,190,118,0.99
686,1272,1899,165,260,184,107,0.99
687,1272,16547,640,185,212,211,0.99
688,1272,18109,63,752,268,269,0.99
689,1272,27925,612,696,209,443,0.99
690,1273,13394,136,86,196,428,0.99
691,1273,25437,563,213,231,231,0.99
692,1273,2482,125,703,191,447,0.99
693,1273,6191,577,629,229,469,0.99
694,1274,6191,138,121,221,468,0.99
695,1274,2482,620,73,179,443,0.99
696,1274,25437,131,819,238,239,0.99
697,1274,13394,607,743,199,454,0.99
698,1278,3350,426,263,167,167,0.99
699,1278,3831,162,618,275,397,0.99
700,1278,38161,636,717,163,275,0.99
701,1279,31704,141,153,217,389,0.99
702,1279,21770,686,293,168,167,0.99
703,1279,16550,118,787,246,461,0.99
704,1279,1899,661,863,189,141,0.99
705,127,6191,171,208,214,457,0.99
706,127,2482,660,152,163,417,0.99
707,127,5093,149,870,255,261,0.99
708,127,22361,638,805,220,381,0.99
709,1280,1899,130,266,181,136,0.99
710,1280,16550,591,10,237,434,0.99
711,1280,21770,98,816,176,176,0.99
712,1280,31704,613,710,229,421,0.99
713,1282,13394,109,119,183,430,0.99
714,1282,3742,510,140,286,281,0.99
715,1282,2482,74,671,169,444,0.99
716,1282,19551,543,624,239,445,0.99
717,1284,19551,160,156,232,443,0.99
718,1284,2482,688,107,169,444,0.99
719,1284,3742,127,843,296,296,0.99
720,1284,13394,646,706,192,453,0.99
721,128,6191,167,171,217,470,0.99
722,128,2482,667,107,162,445,0.99
723,128,5093,147,860,250,252,0.99
724,128,22361,626,803,217,373,0.99
725,1290,1899,170,265,106,182,0.99
726,1290,16547,547,147,208,210,0.99
727,1290,18109,60,735,270,277,0.99
728,1290,29344,608,553,226,411,0.99
729,1293,30307,131,104,253,417,0.99
730,1293,20237,586,197,197,199,0.99
731,1293,27776,152,782,159,197,0.99
732,1293,3482,545,783,247,212,0.99
733,1294,34596,26,71,365,418,0.99
734,1294,35205,695,171,164,379,0.99
735,1294,27652,107,860,187,189,0.99
736,1294,3482,599,852,259,154,0.99
737,1295,34596,17,52,352,416,0.99
738,1295,35205,665,160,162,372,0.99
739,1295,27652,73,821,192,191,0.99
740,1295,3482,570,815,263,162,0.99
741,1296,3482,147,299,252,153,0.99
742,1296,27652,696,266,183,177,0.99
743,1296,35205,130,704,159,388,0.99
744,1296,34596,600,752,376,440,0.99
745,1297,16547,166,255,207,208,0.99
746,1297,12419,699,281,162,158,0.99
747,1297,4542,169,899,191,194,0.99
748,1297,3543,656,926,196,200,0.99
749,1298,3543,148,150,188,189,0.99
750,1298,4542,626,177,185,185,0.99
751,1298,12419,126,868,165,168,0.99
752,1298,16547,626,837,213,213,0.99
753,129,22361,102,103,212,352,0.99
754,129,5093,535,163,242,244,0.99
755,129,2482,98,668,169,447,0.99
756,129,6191,551,580,224,469,0.99
757,1300,31884,85,137,412,450,0.99
758,1300,29666,643,189,200,200,0.99
759,1300,27652,106,860,188,189,0.99
760,1300,3482,598,852,259,154,0.99
761,1302,31884,72,118,402,444,0.99
762,1302,29666,614,184,195,201,0.99
763,1302,27652,71,820,198,191,0.99
764,1302,3482,569,815,263,163,0.99
765,1305,44198,153,303,257,128,0.99
766,1305,27925,630,180,210,418,0.99
767,1305,16550,105,690,287,437,0.99
768,1305,1899,645,902,190,119,0.99
769,1309,3482,138,313,245,187,0.99
770,1309,27732,576,260,271,254,0.99
771,1309,29666,101,870,205,212,0.99
772,1309,28762,601,880,193,192,0.99
773,130,3482,187,286,236,197,0.99
774,130,27776,650,300,152,183,0.99
775,130,36636,141,837,173,242,0.99
776,130,30307,528,777,437,291,0.99
777,1311,28762,185,196,184,182,0.99
778,1311,29666,649,185,196,200,0.99
779,1311,27732,105,741,285,261,0.99
780,1311,3482,587,763,254,198,0.99
781,1312,22626,110,97,241,425,0.99
782,1312,2482,630,75,220,436,0.99
783,1312,5093,119,818,251,253,0.99
784,1312,5885,610,712,203,448,0.99
785,1315,16687,170,123,229,545,0.99
786,1315,19231,556,220,269,269,0.99
787,1315,3350,432,886,170,178,0.99
788,1316,3350,336,170,164,171,0.99
789,1316,19231,92,706,283,288,0.99
790,1316,16687,536,510,245,591,0.99
791,1322,4377,159,139,174,390,0.99
792,1322,5093,565,204,243,246,0.99
793,1322,2482,104,701,197,440,0.99
794,1322,6191,509,625,282,455,0.99
795,1323,6191,154,140,272,452,0.99
796,1323,2482,634,81,186,439,0.99
797,1323,5093,116,814,251,251,0.99
798,1323,4377,604,727,183,411,0.99
799,1326,3350,377,251,167,168,0.99
800,1326,18356,171,682,245,330,0.99
801,1326,20237,612,847,205,207,0.99
802,1327,44198,193,243,166,243,0.99
803,1327,29450,531,257,371,194,0.99
804,1327,16547,182,823,214,220,0.99
805,1327,1899,655,849,168,179,0.99
806,1328,1899,174,253,164,171,0.99
807,1328,16547,592,225,210,212,0.99
808,1328,29450,84,858,380,192,0.99
809,1328,44198,640,821,173,251,0.99
810,1329,1899,154,245,163,169,0.99
811,1329,16547,564,215,205,211,0.99
812,1329,29450,47,814,388,201,0.99
813,1329,44198,612,787,177,259,0.99
814,132,30307,38,193,425,287,0.99
815,132,36636,672,189,167,236,0.99
816,132,27776,186,819,156,193,0.99
817,132,3482,574,817,243,206,0.99
818,1330,34596,108,184,396,392,0.99
819,1330,35205,628,135,191,376,0.99
820,1330,25468,100,838,302,284,0.99
821,1330,3482,612,849,255,177,0.99
822,1331,34596,92,158,385,393,0.99
823,1331,35205,600,127,185,368,0.99
824,1331,25468,62,795,310,284,0.99
825,1331,3482,583,814,261,181,0.99
826,1332,3482,138,283,248,170,0.99
827,1332,25468,593,194,291,267,0.99
828,1332,35205,160,742,202,386,0.99
829,1332,34596,488,667,405,410,0.99
830,1333,36636,164,293,178,234,0.99
831,1333,20013,596,295,307,297,0.99
832,1333,3350,409,929,173,178,0.99
833,1337,1899,174,253,165,169,0.99
834,1337,16547,587,195,212,213,0.99
835,1337,18109,93,804,267,269,0.99
836,1337,29450,510,836,361,243,0.99
837,1340,31704,155,145,213,389,0.99
838,1340,24849,598,297,259,150,0.99
839,1340,16547,201,833,215,221,0.99
840,1340,1899,656,866,189,144,0.99
841,1345,31884,181,144,371,478,0.99
842,1345,29666,629,181,200,201,0.99
843,1345,25468,98,838,303,283,0.99
844,1345,3482,610,849,257,177,0.99
845,1347,3482,140,282,247,171,0.99
846,1347,25468,593,195,294,266,0.99
847,1347,29666,152,879,205,212,0.99
848,1347,31884,442,630,377,489,0.99
849,1348,31862,194,274,187,189,0.99
850,1348,22073,682,316,170,177,0.99
851,1348,3350,372,887,170,177,0.99
852,134,31884,59,29,293,489,0.99
853,134,35205,665,160,162,372,0.99
854,134,27652,72,821,194,191,0.99
855,134,3482,569,815,264,163,0.99
856,1350,3350,435,226,168,168,0.99
857,1350,22073,112,821,173,176,0.99
858,1350,31862,596,864,190,192,0.99
859,1353,3482,186,287,235,196,0.99
860,1353,27776,649,299,153,184,0.99
861,1353,16231,165,835,170,179,0.99
862,1353,34596,543,698,391,426,0.99
863,1354,3482,156,299,185,240,0.99
864,1354,20876,561,303,299,215,0.99
865,1354,36636,178,808,171,243,0.99
866,1354,30307,608,752,287,434,0.99
867,1355,30307,96,66,265,411,0.99
868,1355,36636,610,212,161,232,0.99
869,1355,20876,96,735,307,224,0.99
870,1355,3482,630,721,188,256,0.99
871,1357,3543,101,234,186,188,0.99
872,1357,16547,587,176,208,211,0.99
873,1357,6562,176,689,182,338,0.99
874,1357,12419,635,821,169,172,0.99
875,1358,3543,119,246,188,188,0.99
876,1358,16547,615,184,213,211,0.99
877,1358,6562,208,731,180,335,0.99
878,1358,12419,662,856,167,166,0.99
879,1359,12419,175,286,163,163,0.99
880,1359,6562,606,246,175,310,0.99
881,1359,16547,153,862,219,221,0.99
882,1359,3543,686,834,193,196,0.99
883,135,31884,69,40,307,502,0.99
884,135,35205,695,171,163,379,0.99
885,135,27652,107,861,188,188,0.99
886,135,3482,599,852,259,155,0.99
887,1361,3350,367,157,164,171,0.99
888,1361,19231,179,665,219,331,0.99
889,1361,29666,639,700,210,213,0.99
890,1363,16261,132,301,215,219,0.99
891,1363,33879,472,258,392,268,0.99
892,1363,3350,443,894,171,178,0.99
893,1366,3482,148,299,252,152,0.99
894,1366,27652,697,266,183,178,0.99
895,1366,29666,138,871,205,211,0.99
896,1366,22346,676,844,190,191,0.99
897,1367,22346,115,231,181,181,0.99
898,1367,29666,613,184,197,200,0.99
899,1367,27652,71,820,200,191,0.99
900,1367,3482,568,815,265,163,0.99
901,1369,22346,128,220,184,184,0.99
902,1369,16261,652,185,213,213,0.99
903,1369,19860,134,872,203,156,0.99
904,1369,3482,610,870,235,221,0.99
905,136,44198,151,251,213,215,0.99
906,136,33008,590,225,283,267,0.99
907,136,16550,106,674,264,450,0.99
908,136,1899,664,856,190,148,0.99
909,1371,22346,111,211,181,181,0.99
910,1371,16261,623,179,208,212,0.99
911,1371,19860,98,833,208,162,0.99
912,1371,3482,582,837,240,225,0.99
913,1372,22626,122,149,240,413,0.99
914,1372,2482,610,143,251,401,0.99
915,1372,3742,86,826,301,303,0.99
916,1372,5885,631,727,200,458,0.99
917,1376,33207,168,304,179,180,0.99
918,1376,33008,608,255,321,212,0.99
919,1376,16550,117,721,243,461,0.99
920,1376,1899,653,864,188,158,0.99
921,1377,1899,157,261,182,146,0.99
922,1377,16550,627,76,237,449,0.99
923,1377,33008,58,832,329,218,0.99
924,1377,33207,652,814,184,184,0.99
925,1378,3482,162,226,226,205,0.99
926,1378,19860,653,284,201,156,0.99
927,1378,35205,130,786,259,369,0.99
928,1378,22346,638,876,190,192,0.99
929,1379,22346,170,208,185,184,0.99
930,1379,35205,600,108,247,357,0.99
931,1379,19860,134,872,203,156,0.99
932,1379,3482,610,872,235,219,0.99
933,1381,32309,46,244,342,218,0.99
934,1381,21324,641,284,222,126,0.99
935,1381,3350,415,851,175,180,0.99
936,1384,25366,68,118,357,418,0.99
937,1384,20237,614,203,201,199,0.99
938,1384,27776,185,820,156,193,0.99
939,1384,3482,575,819,243,206,0.99
940,1385,25366,56,106,343,409,0.99
941,1385,20237,586,198,197,198,0.99
942,1385,27776,152,782,159,197,0.99
943,1385,3482,544,783,249,211,0.99
944,1386,3482,187,284,235,197,0.99
945,1386,27776,650,299,153,183,0.99
946,1386,20237,167,859,205,207,0.99
947,1386,25366,567,719,367,431,0.99
948,1387,22346,121,248,184,184,0.99
949,1387,20237,612,189,200,200,0.99
950,1387,20876,150,844,243,292,0.99
951,1387,3482,652,764,175,257,0.99
952,1390,22626,147,206,287,397,0.99
953,1390,2482,620,150,169,417,0.99
954,1390,25437,165,879,241,246,0.99
955,1390,22361,619,771,235,379,0.99
956,1392,22626,143,167,292,406,0.99
957,1392,2482,623,107,181,441,0.99
958,1392,25437,163,868,237,238,0.99
959,1392,22361,612,768,225,372,0.99
960,1393,3482,188,284,235,197,0.99
961,1393,27776,651,298,153,184,0.99
962,1393,16261,153,845,217,221,0.99
963,1393,22346,697,877,189,192,0.99
964,1395,22346,96,199,181,182,0.99
965,1395,16261,587,194,209,212,0.99
966,1395,27776,152,782,159,196,0.99
967,1395,3482,544,783,250,211,0.99
968,1396,13394,105,119,185,431,0.99
969,1396,5093,536,174,244,246,0.99
970,1396,2482,95,683,184,447,0.99
971,1396,19551,543,628,256,437,0.99
972,139,31884,23,68,341,480,0.99
973,139,35205,600,127,185,368,0.99
974,139,25468,60,796,311,284,0.99
975,139,3482,582,813,262,182,0.99
976,13,16231,150,337,177,178,0.99
977,13,33879,498,260,399,250,0.99
978,13,3350,439,861,171,178,0.99
979,1401,3482,140,281,248,170,0.99
980,1401,25468,593,195,294,265,0.99
981,1401,29666,151,879,205,212,0.99
982,1401,22346,664,858,190,193,0.99
983,1402,20237,95,342,204,207,0.99
984,1402,33879,482,214,347,336,0.99
985,1402,3350,435,892,170,179,0.99
986,1404,3350,375,221,166,167,0.99
987,1404,33879,138,756,353,350,0.99
988,1404,20237,682,771,205,205,0.99
989,1407,3350,388,237,167,167,0.99
990,1407,33879,122,699,271,404,0.99
991,1407,38161,615,801,225,238,0.99
992,1408,1899,199,281,182,121,0.99
993,1408,21025,695,282,159,158,0.99
994,1408,16547,88,816,217,220,0.99
995,1408,33207,673,908,191,192,0.99
996,140,31884,32,84,356,486,0.99
997,140,35205,628,136,191,375,0.99
998,140,25468,99,838,302,284,0.99
999,140,3482,611,850,255,176,0.99
1000,1411,30307,81,144,341,393,0.99
1001,1411,36636,650,217,169,235,0.99
1002,1411,27652,108,860,187,190,0.99
1003,1411,3482,600,851,259,155,0.99
1004,1413,3482,145,300,253,152,0.99
1005,1413,27652,695,265,183,178,0.99
1006,1413,36636,161,812,177,240,0.99
1007,1413,30307,570,719,352,398,0.99
1008,1414,3543,117,199,184,187,0.99
1009,1414,10220,609,197,195,200,0.99
1010,1414,16547,64,784,215,219,0.99
1011,1414,27925,568,620,229,448,0.99
1012,1418,1899,134,261,181,139,0.99
1013,1418,10223,579,108,186,366,0.99
1014,1418,16550,124,670,244,455,0.99
1015,1418,31704,603,718,226,421,0.99
1016,1420,41767,111,249,266,246,0.99
1017,1420,16687,566,97,223,543,0.99
1018,1420,3350,419,882,171,177,0.99
1019,1421,3350,347,174,166,175,0.99
1020,1421,16687,133,544,232,589,0.99
1021,1421,41767,560,725,279,264,0.99
1022,1424,31884,115,98,301,488,0.99
1023,1424,35205,603,147,179,370,0.99
1024,1424,27776,153,781,159,196,0.99
1025,1424,3482,545,781,248,211,0.99
1026,1425,31884,129,115,313,500,0.99
1027,1425,35205,631,157,184,377,0.99
1028,1425,27776,186,820,155,192,0.99
1029,1425,3482,573,817,244,205,0.99
1030,1429,3543,128,258,189,188,0.99
1031,1429,10220,689,222,200,199,0.99
1032,1429,16547,135,839,210,213,0.99
1033,1429,29344,622,723,234,411,0.99
1034,142,44198,89,184,222,209,0.99
1035,142,16547,601,163,209,211,0.99
1036,142,21025,98,838,165,167,0.99
1037,142,1899,590,876,190,126,0.99
1038,1431,3543,111,247,185,187,0.99
1039,1431,10220,659,214,196,200,0.99
1040,1431,16547,100,799,214,218,0.99
1041,1431,29344,594,685,239,415,0.99
1042,1433,3350,378,179,162,170,0.99
1043,1433,32309,2,671,288,310,0.99
1044,1433,38161,620,762,271,198,0.99
1045,1435,13899,177,349,151,240,0.99
1046,1435,20237,600,315,204,203,0.99
1047,1435,3350,407,861,171,177,0.99
1048,1436,3350,359,194,164,171,0.99
1049,1436,20237,121,708,207,213,0.99
1050,1436,13899,608,634,158,252,0.99
1051,1438,12246,186,311,185,113,0.99
1052,1438,6562,605,246,175,311,0.99
1053,1438,16547,221,850,218,221,0.99
1054,1438,3543,711,865,193,196,0.99
1055,1439,3543,80,206,184,186,0.99
1056,1439,16547,522,188,209,210,0.99
1057,1439,6562,177,688,183,339,0.99
1058,1439,12246,600,857,192,114,0.99
1059,143,44198,103,191,229,213,0.99
1060,143,16547,630,169,214,212,0.99
1061,143,21025,133,873,162,164,0.99
1062,143,1899,618,911,187,119,0.99
1063,1441,22346,126,178,181,182,0.99
1064,1441,36636,600,210,235,156,0.99
1065,1441,27732,104,742,286,261,0.99
1066,1441,3482,586,763,255,198,0.99
1067,1442,22346,143,184,184,186,0.99
1068,1442,36636,628,216,241,157,0.99
1069,1442,27732,140,788,279,260,0.99
1070,1442,3482,614,796,251,196,0.99
1071,1444,4377,153,139,183,389,0.99
1072,1444,3742,497,163,286,281,0.99
1073,1444,2482,112,720,172,441,0.99
1074,1444,23222,558,661,225,457,0.99
1075,1446,23222,159,107,219,451,0.99
1076,1446,2482,649,61,162,441,0.99
1077,1446,3742,142,817,295,295,0.99
1078,1446,4377,601,728,192,410,0.99
1079,1447,3543,110,185,185,186,0.99
1080,1447,10220,637,198,196,200,0.99
1081,1447,16547,55,799,214,219,0.99
1082,1447,29450,480,780,379,223,0.99
1083,1449,3543,126,191,189,188,0.99
1084,1449,10220,666,206,201,198,0.99
1085,1449,16547,90,841,210,211,0.99
1086,1449,29450,510,821,373,213,0.99
1087,1450,12777,156,105,203,460,0.99
1088,1450,2482,620,73,178,443,0.99
1089,1450,25437,131,819,237,239,0.99
1090,1450,13394,607,744,199,453,0.99
1091,1452,12777,160,152,198,448,0.99
1092,1452,2482,617,121,165,414,0.99
1093,1452,25437,132,831,242,246,0.99
1094,1452,13394,620,744,196,463,0.99
1095,1453,18356,64,323,247,308,0.99
1096,1453,16687,496,138,379,496,0.99
1097,1453,3350,467,914,171,178,0.99
1098,1455,3350,342,199,167,167,0.99
1099,1455,16687,94,640,382,544,0.99
1100,1455,18356,665,660,255,323,0.99
1101,1458,23222,111,203,226,450,0.99
1102,1458,2482,622,91,213,436,0.99
1103,1458,25437,118,837,237,238,0.99
1104,1458,4377,658,734,189,410,0.99
1105,1459,22626,115,226,236,417,0.99
1106,1459,2482,645,106,188,414,0.99
1107,1459,5093,119,823,255,261,0.99
1108,1459,12080,666,722,207,417,0.99
1109,1460,12080,92,155,187,389,0.99
1110,1460,5093,563,202,244,248,0.99
1111,1460,2482,70,722,216,439,0.99
1112,1460,22626,586,605,241,433,0.99
1113,1461,22626,111,187,240,426,0.99
1114,1461,2482,649,61,203,438,0.99
1115,1461,5093,118,814,250,252,0.99
1116,1461,12080,660,716,196,409,0.99
1117,1462,3482,146,299,252,154,0.99
1118,1462,27652,696,265,182,178,0.99
1119,1462,20237,148,876,204,208,0.99
1120,1462,25366,557,694,369,426,0.99
1121,1463,25366,76,146,359,416,0.99
1122,1463,20237,634,185,199,199,0.99
1123,1463,27652,108,861,188,189,0.99
1124,1463,3482,599,850,260,157,0.99
1125,1464,25366,63,132,347,407,0.99
1126,1464,20237,605,181,195,197,0.99
1127,1464,27652,74,821,195,191,0.99
1128,1464,3482,570,815,265,162,0.99
1129,1466,22346,113,184,182,182,0.99
1130,1466,16261,607,184,207,211,0.99
1131,1466,27652,72,820,194,191,0.99
1132,1466,3482,569,815,265,163,0.99
1133,146,3482,186,286,235,197,0.99
1134,146,27776,649,299,153,184,0.99
1135,146,16231,164,835,170,179,0.99
1136,146,31884,583,686,361,495,0.99
1137,1473,19606,159,225,141,140,0.99
1138,1473,16550,592,110,239,449,0.99
1139,1473,21025,133,873,162,164,0.99
1140,1473,1899,624,868,182,145,0.99
1141,1474,34596,81,123,392,396,0.99
1142,1474,36636,628,215,240,157,0.99
1143,1474,27732,136,780,279,260,0.99
1144,1474,3482,615,795,252,195,0.99
1145,1476,34596,70,99,378,398,0.99
1146,1476,36636,600,210,234,156,0.99
1147,1476,27732,101,734,285,269,0.99
1148,1476,3482,588,761,253,199,0.99
1149,1477,36636,96,237,221,203,0.99
1150,1477,3350,661,295,164,173,0.99
1151,1477,18356,370,695,225,346,0.99
1152,1480,10220,172,268,195,198,0.99
1153,1480,6562,616,253,174,312,0.99
1154,1480,16547,187,842,217,221,0.99
1155,1480,3543,654,883,195,197,0.99
1156,1483,3482,162,226,226,205,0.99
1157,1483,19860,654,284,199,156,0.99
1158,1483,35205,130,786,259,368,0.99
1159,1483,28762,649,907,192,195,0.99
1160,1485,28762,157,174,186,188,0.99
1161,1485,35205,600,108,247,357,0.99
1162,1485,19860,134,872,203,156,0.99
1163,1485,3482,610,872,235,219,0.99
1164,1488,3350,401,213,168,167,0.99
1165,1488,21324,216,831,189,189,0.99
1166,1488,31862,634,838,191,192,0.99
1167,1489,20237,195,289,203,203,0.99
1168,1489,20013,553,301,306,297,0.99
1169,1489,3350,412,858,170,177,0.99
1170,148,20237,131,307,205,205,0.99
1171,148,19231,514,247,301,239,0.99
1172,148,3350,412,858,170,177,0.99
1173,1492,21324,192,285,143,217,0.99
1174,1492,18146,543,309,305,333,0.99
1175,1492,3350,388,911,172,178,0.99
1176,1493,3350,377,145,165,172,0.99
1177,1493,18146,72,557,318,356,0.99
1178,1493,21324,606,730,143,225,0.99
1179,1497,34596,84,87,237,458,0.99
1180,1497,29666,621,206,196,201,0.99
1181,1497,19860,91,832,208,162,0.99
1182,1497,3482,575,842,239,225,0.99
1183,149,3350,355,197,165,173,0.99
1184,149,19231,104,708,314,252,0.99
1185,149,20237,606,719,208,211,0.99
1186,1500,3350,360,243,167,168,0.99
1187,1500,38161,210,747,159,276,0.99
1188,1500,41767,586,865,323,168,0.99
1189,150,3350,396,257,167,167,0.99
1190,150,19231,148,809,311,251,0.99
1191,150,20237,645,810,206,206,0.99
1192,151,33207,198,275,181,180,0.99
1193,151,29450,530,257,372,194,0.99
1194,151,16547,112,828,216,219,0.99
1195,151,1899,656,849,167,179,0.99
1196,152,1899,154,245,162,170,0.99
1197,152,16547,629,212,208,210,0.99
1198,152,29450,48,814,387,202,0.99
1199,152,33207,592,818,188,189,0.99
1200,153,1899,174,254,163,170,0.99
1201,153,16547,658,220,213,212,0.99
1202,153,29450,84,858,380,192,0.99
1203,153,33207,620,851,185,184,0.99
1204,154,23222,122,170,248,443,0.99
1205,154,2482,629,75,220,436,0.99
1206,154,5093,119,818,251,253,0.99
1207,154,5885,610,712,203,448,0.99
1208,155,5885,134,117,193,425,0.99
1209,155,5093,561,198,244,247,0.99
1210,155,2482,81,711,222,436,0.99
1211,155,23222,566,607,256,448,0.99
1212,156,23222,127,212,244,431,0.99
1213,156,2482,619,122,224,408,0.99
1214,156,5093,121,828,255,261,0.99
1215,156,5885,615,713,216,456,0.99
1216,157,25366,126,109,328,419,0.99
1217,157,16261,588,194,207,212,0.99
1218,157,27776,152,782,159,196,0.99
1219,157,3482,544,784,249,211,0.99
1220,159,25366,141,121,339,429,0.99
1221,159,16261,616,202,213,212,0.99
1222,159,27776,186,820,155,193,0.99
1223,159,3482,574,819,244,206,0.99
1224,15,3350,370,254,166,167,0.99
1225,15,33879,66,798,409,256,0.99
1226,15,16231,650,803,180,178,0.99
1227,160,23202,222,325,117,121,0.99
1228,160,16550,605,284,239,437,0.99
1229,160,4542,157,924,191,194,0.99
1230,160,3543,639,895,194,196,0.99
1231,162,3543,166,184,188,189,0.99
1232,162,4542,636,151,187,187,0.99
1233,162,16550,146,557,243,446,0.99
1234,162,23202,661,861,119,120,0.99
1235,163,28762,136,180,187,189,0.99
1236,163,16231,652,258,168,168,0.99
1237,163,27776,187,820,156,192,0.99
1238,163,3482,575,816,243,207,0.99
1239,164,3482,186,286,236,197,0.99
1240,164,27776,649,299,153,184,0.99
1241,164,16231,164,834,171,179,0.99
1242,164,28762,670,901,193,193,0.99
1243,165,28762,120,176,182,182,0.99
1244,165,16231,624,245,163,169,0.99
1245,165,27776,154,781,159,196,0.99
1246,165,3482,546,781,248,210,0.99
1247,170,6191,153,207,230,452,0.99
1248,170,2482,640,108,197,412,0.99
1249,170,5093,119,824,254,260,0.99
1250,170,12080,666,722,207,417,0.99
1251,172,25366,138,90,262,460,0.99
1252,172,29666,642,189,201,200,0.99
1253,172,27652,106,860,188,189,0.99
1254,172,3482,597,851,260,156,0.99
1255,173,25366,123,80,252,447,0.99
1256,173,29666,614,184,195,200,0.99
1257,173,27652,71,820,193,191,0.99
1258,173,3482,569,815,265,163,0.99
1259,174,3482,147,299,253,152,0.99
1260,174,27652,697,267,183,177,0.99
1261,174,29666,138,872,205,210,0.99
1262,174,25366,593,706,271,470,0.99
1263,175,30307,138,116,220,443,0.99
1264,175,29666,650,213,200,200,0.99
1265,175,19860,127,871,204,157,0.99
1266,175,3482,604,876,233,220,0.99
1267,176,3482,170,221,225,207,0.99
1268,176,19860,659,284,201,157,0.99
1269,176,29666,132,848,204,210,0.99
1270,176,30307,635,697,225,448,0.99
1271,179,3482,187,284,235,196,0.99
1272,179,27776,650,298,153,184,0.99
1273,179,20237,167,858,205,209,0.99
1274,179,22346,658,840,190,191,0.99
1275,17,3350,306,174,167,171,0.99
1276,17,35205,131,596,274,368,0.99
1277,17,41767,567,649,251,285,0.99
1278,180,22346,130,234,183,182,0.99
1279,180,20237,586,197,197,198,0.99
1280,180,27776,152,782,159,197,0.99
1281,180,3482,545,783,248,212,0.99
1282,183,10220,172,268,196,198,0.99
1283,183,6562,616,254,175,311,0.99
1284,183,16550,41,712,363,390,0.99
1285,183,3543,654,884,195,196,0.99
1286,185,3543,149,177,184,188,0.99
1287,185,4542,608,150,182,184,0.99
1288,185,16547,143,746,215,219,0.99
1289,185,23202,635,829,125,125,0.99
1290,186,3543,166,185,188,189,0.99
1291,186,4542,636,151,187,187,0.99
1292,186,16547,176,789,211,214,0.99
1293,186,23202,662,861,120,121,0.99
1294,189,12777,131,188,206,449,0.99
1295,189,2482,659,154,165,416,0.99
1296,189,5093,149,870,255,261,0.99
1297,189,22361,637,805,221,381,0.99
1298,191,3543,130,187,184,187,0.99
1299,191,4542,648,159,182,185,0.99
1300,191,10220,101,795,203,206,0.99
1301,191,16550,598,588,244,454,0.99
1302,196,22361,101,144,220,353,0.99
1303,196,3742,505,142,285,278,0.99
1304,196,2482,108,687,174,448,0.99
1305,196,12777,572,554,207,463,0.99
1306,197,12777,160,211,204,460,0.99
1307,197,2482,653,90,164,443,0.99
1308,197,3742,133,844,295,294,0.99
1309,197,22361,617,757,229,372,0.99
1310,198,12777,163,249,201,450,0.99
1311,198,2482,648,136,159,415,0.99
1312,198,3742,135,853,300,304,0.99
1313,198,22361,624,760,239,378,0.99
1314,199,30307,48,133,363,375,0.99
1315,199,29666,640,173,200,200,0.99
1316,199,27776,184,818,156,192,0.99
1317,199,3482,571,818,243,206,0.99
1318,19,28762,110,177,189,188,0.99
1319,19,36636,628,213,241,157,0.99
1320,19,27732,137,780,279,260,0.99
1321,19,3482,616,794,251,196,0.99
1322,1,1899,166,261,183,107,0.99
1323,1,16550,573,84,356,383,0.99
1324,1,24849,186,755,146,269,0.99
1325,1,27925,614,696,209,444,0.99
1326,200,3482,190,284,235,199,0.99
1327,200,27776,652,301,153,184,0.99
1328,200,29666,140,888,205,211,0.99
1329,200,30307,581,747,374,381,0.99
1330,202,3482,157,298,186,239,0.99
1331,202,20876,562,302,300,216,0.99
1332,202,16261,126,845,217,222,0.99
1333,202,22346,703,874,189,192,0.99
1334,203,22346,90,203,181,182,0.99
1335,203,16261,613,194,210,212,0.99
1336,203,20876,95,735,307,224,0.99
1337,203,3482,628,723,189,256,0.99
1338,204,22346,107,210,184,186,0.99
1339,204,16261,643,201,213,213,0.99
1340,204,20876,126,780,305,216,0.99
1341,204,3482,656,756,187,253,0.99
1342,205,3543,120,169,184,187,0.99
1343,205,16547,601,130,207,209,0.99
1344,205,6562,177,690,182,338,0.99
1345,205,23202,630,856,122,125,0.99
1346,210,3350,427,251,167,167,0.99
1347,210,29666,172,759,207,207,0.99
1348,210,31862,604,883,190,191,0.99
1349,212,18109,74,136,268,269,0.99
1350,212,16550,496,151,400,334,0.99
1351,212,21025,146,876,161,163,0.99
1352,212,1899,632,899,187,122,0.99
1353,213,18109,60,126,262,268,0.99
1354,213,16550,470,137,390,329,0.99
1355,213,21025,111,840,165,168,0.99
1356,213,1899,604,864,190,130,0.99
1357,214,1899,148,248,181,112,0.99
1358,214,16550,586,74,234,436,0.99
1359,214,27925,103,635,229,449,0.99
1360,214,33207,598,807,188,190,0.99
1361,215,1899,165,259,184,108,0.99
1362,215,16550,614,82,240,448,0.99
1363,215,27925,141,685,220,444,0.99
1364,215,33207,626,843,185,184,0.99
1365,217,6191,163,163,205,475,0.99
1366,217,2482,611,97,206,438,0.99
1367,217,3742,130,800,295,296,0.99
1368,217,12080,621,737,192,409,0.99
1369,219,12080,131,137,185,387,0.99
1370,219,3742,508,180,287,277,0.99
1371,219,2482,108,687,216,438,0.99
1372,219,6191,568,580,208,476,0.99
1373,222,3350,415,210,166,167,0.99
1374,222,16261,183,777,218,220,0.99
1375,222,41767,610,745,251,285,0.99
1376,224,34596,123,106,305,450,0.99
1377,224,29666,630,180,200,201,0.99
1378,224,25468,97,838,303,281,0.99
1379,224,3482,611,849,256,178,0.99
1380,225,3482,140,282,247,170,0.99
1381,225,25468,594,195,294,266,0.99
1382,225,29666,152,880,204,211,0.99
1383,225,34596,565,687,313,468,0.99
1384,226,22346,117,236,185,184,0.99
1385,226,20237,655,196,200,200,0.99
1386,226,19860,134,872,203,156,0.99
1387,226,3482,611,871,234,221,0.99
1388,229,5885,119,105,202,424,0.99
1389,229,3742,550,165,288,280,0.99
1390,229,2482,63,697,248,428,0.99
1391,229,23222,521,684,352,411,0.99
1392,231,23222,79,176,335,389,0.99
1393,231,2482,610,143,252,401,0.99
1394,231,3742,86,826,301,303,0.99
1395,231,5885,632,727,199,457,0.99
1396,232,22346,137,239,184,185,0.99
1397,232,29666,688,197,201,201,0.99
1398,232,27732,128,786,286,250,0.99
1399,232,3482,605,804,252,193,0.99
1400,234,22346,119,229,181,181,0.99
1401,234,29666,657,193,197,200,0.99
1402,234,27732,92,740,293,251,0.99
1403,234,3482,577,770,255,195,0.99
1404,236,3482,146,299,253,152,0.99
1405,236,27652,696,266,183,177,0.99
1406,236,35205,129,704,160,389,0.99
1407,236,28762,634,844,192,192,0.99
1408,237,28762,152,230,185,183,0.99
1409,237,35205,665,159,162,373,0.99
1410,237,27652,73,820,196,192,0.99
1411,237,3482,570,815,265,163,0.99
1412,238,18356,82,269,275,281,0.99
1413,238,16261,640,249,216,216,0.99
1414,238,3350,412,841,170,177,0.99
1415,23,25366,38,115,357,399,0.99
1416,23,16261,607,184,207,212,0.99
1417,23,27652,72,820,198,191,0.99
1418,23,3482,570,815,263,163,0.99
1419,241,20237,140,335,203,204,0.99
1420,241,18146,534,272,272,359,0.99
1421,241,3350,421,919,170,179,0.99
1422,243,3350,388,191,167,168,0.99
1423,243,18146,157,662,282,380,0.99
1424,243,20237,635,777,206,208,0.99
1425,244,3543,136,175,188,189,0.99
1426,244,16550,600,25,238,448,0.99
1427,244,6562,210,732,178,335,0.99
1428,244,23202,658,888,119,121,0.99
1429,247,6191,85,182,269,438,0.99
1430,247,2482,647,135,159,416,0.99
1431,247,3742,134,853,301,303,0.99
1432,247,22361,624,760,238,378,0.99
1433,248,6191,79,142,274,451,0.99
1434,248,2482,650,90,168,443,0.99
1435,248,3742,132,844,296,294,0.99
1436,248,22361,617,757,229,372,0.99
1437,249,22361,102,144,220,353,0.99
1438,249,3742,505,142,286,278,0.99
1439,249,2482,106,687,179,447,0.99
1440,249,6191,583,625,284,452,0.99
1441,24,25366,49,129,371,407,0.99
1442,24,16261,636,191,211,213,0.99
1443,24,27652,107,860,188,189,0.99
1444,24,3482,598,851,259,156,0.99
1445,250,29666,140,217,205,207,0.99
1446,250,18356,556,245,216,327,0.99
1447,250,3350,387,856,170,178,0.99
1448,251,3350,379,187,164,171,0.99
1449,251,18356,154,611,221,345,0.99
1450,251,29666,599,804,208,214,0.99
1451,252,3350,420,244,167,168,0.99
1452,252,18356,195,705,221,346,0.99
1453,252,29666,636,895,206,207,0.99
1454,253,35205,77,269,382,196,0.99
1455,253,33879,474,267,393,269,0.99
1456,253,3350,455,856,171,177,0.99
1457,256,5885,132,122,193,424,0.99
1458,256,25437,552,188,230,233,0.99
1459,256,2482,81,691,172,443,0.99
1460,256,19551,530,690,245,449,0.99
1461,259,41767,121,292,245,269,0.99
1462,259,20237,617,285,203,207,0.99
1463,259,3350,393,902,171,179,0.99
1464,262,34596,97,64,269,453,0.99
1465,262,29666,614,184,195,200,0.99
1466,262,27652,72,820,191,191,0.99
1467,262,3482,569,815,263,162,0.99
1468,264,3482,147,299,253,153,0.99
1469,264,27652,697,267,183,177,0.99
1470,264,29666,138,872,205,210,0.99
1471,264,34596,603,702,290,476,0.99
1472,265,3482,147,299,253,152,0.99
1473,265,27652,697,266,182,177,0.99
1474,265,16231,153,853,177,179,0.99
1475,265,25366,633,687,334,449,0.99
1476,266,25366,37,133,324,437,0.99
1477,266,16231,656,236,174,171,0.99
1478,266,27652,107,860,188,189,0.99
1479,266,3482,598,851,261,155,0.99
1480,271,22346,113,194,180,181,0.99
1481,271,35205,646,178,178,371,0.99
1482,271,20876,96,735,307,224,0.99
1483,271,3482,629,722,189,255,0.99
1484,273,3482,156,299,186,240,0.99
1485,273,20876,561,303,300,215,0.99
1486,273,35205,121,687,194,386,0.99
1487,273,22346,680,884,190,191,0.99
1488,274,21324,214,335,132,218,0.99
1489,274,20013,596,270,305,300,0.99
1490,274,3350,429,897,171,178,0.99
1491,275,3350,338,158,165,173,0.99
1492,275,20013,20,662,313,313,0.99
1493,275,21324,590,674,137,226,0.99
1494,277,30307,90,112,357,379,0.99
1495,277,36636,627,207,247,137,0.99
1496,277,19860,134,871,203,157,0.99
1497,277,3482,610,871,235,221,0.99
1498,278,3482,162,226,226,205,0.99
1499,278,19860,653,284,200,157,0.99
1500,278,36636,106,915,253,148,0.99
1501,278,30307,544,761,368,389,0.99
1502,27,23222,114,158,219,435,0.99
1503,27,2482,621,120,160,415,0.99
1504,27,25437,131,830,241,245,0.99
1505,27,13394,618,743,195,463,0.99
1506,280,16231,143,296,170,179,0.99
1507,280,3831,451,285,351,333,0.99
1508,280,3350,419,875,171,177,0.99
1509,286,30307,42,133,329,379,0.99
1510,286,16261,588,194,208,212,0.99
1511,286,27776,152,782,159,196,0.99
1512,286,3482,543,783,250,212,0.99
1513,287,3482,188,284,235,197,0.99
1514,287,27776,651,299,152,183,0.99
1515,287,16261,153,845,217,221,0.99
1516,287,30307,596,716,352,398,0.99
1517,288,30307,54,148,342,392,0.99
1518,288,16261,616,202,213,212,0.99
1519,288,27776,186,820,155,193,0.99
1520,288,3482,573,818,244,206,0.99
1521,289,6191,127,88,205,475,0.99
1522,289,2482,621,109,210,436,0.99
1523,289,25437,151,851,238,239,0.99
1524,289,22361,604,767,219,373,0.99
1525,28,25366,36,88,352,420,0.99
1526,28,35205,632,157,184,377,0.99
1527,28,27776,186,819,156,193,0.99
1528,28,3482,574,817,243,206,0.99
1529,291,22361,123,134,211,353,0.99
1530,291,25437,543,184,231,232,0.99
1531,291,2482,94,679,220,434,0.99
1532,291,6191,604,651,211,479,0.99
1533,292,5885,137,119,187,425,0.99
1534,292,25437,556,186,230,232,0.99
1535,292,2482,86,687,166,443,0.99
1536,292,12777,573,627,254,453,0.99
1537,295,20013,143,207,303,292,0.99
1538,295,16231,651,304,176,178,0.99
1539,295,3350,423,871,169,177,0.99
1540,298,33207,172,243,179,179,0.99
1541,298,31704,591,194,217,391,0.99
1542,298,16547,175,785,215,219,0.99
1543,298,1899,697,887,188,116,0.99
1544,299,1899,96,267,180,111,0.99
1545,299,16547,570,253,209,212,0.99
1546,299,31704,149,664,223,420,0.99
1547,299,33207,622,854,187,190,0.99
1548,29,25366,25,78,340,409,0.99
1549,29,35205,603,147,179,369,0.99
1550,29,27776,152,780,160,198,0.99
1551,29,3482,545,781,248,211,0.99
1552,302,3350,320,168,164,171,0.99
1553,302,19231,106,647,257,307,0.99
1554,302,36636,577,718,221,217,0.99
1555,304,22626,149,191,222,420,0.99
1556,304,2482,640,108,157,414,0.99
1557,304,3742,144,827,300,303,0.99
1558,304,4377,607,732,203,418,0.99
1559,308,3350,299,214,164,172,0.99
1560,308,36636,126,720,175,249,0.99
1561,308,41767,568,609,254,282,0.99
1562,310,16550,132,164,265,421,0.99
1563,310,12246,630,327,154,174,0.99
1564,310,4542,152,874,190,194,0.99
1565,310,3543,666,898,194,197,0.99
1566,313,34596,32,49,397,373,0.99
1567,313,29666,606,188,196,202,0.99
1568,313,20876,49,765,302,234,0.99
1569,313,3482,625,726,190,255,0.99
1570,315,3482,160,296,186,239,0.99
1571,315,20876,611,267,295,224,0.99
1572,315,29666,146,868,205,210,0.99
1573,315,34596,538,800,427,396,0.99
1574,316,3543,134,241,189,189,0.99
1575,316,10220,643,206,200,200,0.99
1576,316,16547,176,798,211,216,0.99
1577,316,33008,573,821,339,191,0.99
1578,317,33008,98,282,326,194,0.99
1579,317,16547,607,291,206,208,0.99
1580,317,10220,139,852,205,210,0.99
1581,317,3543,671,839,193,196,0.99
1582,31,3543,119,246,188,188,0.99
1583,31,16550,610,70,240,448,0.99
1584,31,6562,209,731,178,336,0.99
1585,31,12419,662,856,167,166,0.99
1586,320,28762,145,204,184,182,0.99
1587,320,35205,646,178,179,371,0.99
1588,320,20876,96,735,308,224,0.99
1589,320,3482,630,722,188,254,0.99
1590,323,3482,146,299,253,152,0.99
1591,323,27652,696,265,183,178,0.99
1592,323,36636,161,811,177,241,0.99
1593,323,22346,669,884,191,191,0.99
1594,324,22346,140,200,184,186,0.99
1595,324,36636,650,217,170,235,0.99
1596,324,27652,107,860,189,190,0.99
1597,324,3482,599,851,260,156,0.99
1598,325,3482,188,284,235,197,0.99
1599,325,27776,650,299,154,184,0.99
1600,325,16261,154,845,216,221,0.99
1601,325,31884,537,717,360,502,0.99
1602,327,31884,107,42,347,487,0.99
1603,327,16261,616,202,213,212,0.99
1604,327,27776,186,820,155,193,0.99
1605,327,3482,573,819,244,206,0.99
1606,328,3482,138,314,245,187,0.99
1607,328,27732,576,260,271,253,0.99
1608,328,36636,111,889,247,163,0.99
1609,328,31884,547,660,337,509,0.99
1610,32,12419,175,286,163,163,0.99
1611,32,6562,606,245,175,312,0.99
1612,32,16550,133,728,244,459,0.99
1613,32,3543,686,834,193,196,0.99
1614,332,3543,133,147,184,185,0.99
1615,332,4542,597,173,182,185,0.99
1616,332,12419,91,831,168,169,0.99
1617,332,16550,582,558,243,454,0.99
1618,334,22346,153,229,182,181,0.99
1619,334,16231,634,226,171,172,0.99
1620,334,20876,96,735,307,224,0.99
1621,334,3482,630,722,188,255,0.99
1622,335,3482,156,299,186,240,0.99
1623,335,20876,561,302,300,216,0.99
1624,335,16231,145,853,178,180,0.99
1625,335,22346,635,846,190,191,0.99
1626,336,22346,172,238,185,186,0.99
1627,336,16231,663,237,174,167,0.99
1628,336,20876,128,780,305,215,0.99
1629,336,3482,658,755,186,253,0.99
1630,337,3482,139,282,248,169,0.99
1631,337,25468,593,194,293,266,0.99
1632,337,36636,144,838,161,249,0.99
1633,337,22346,655,843,190,191,0.99
1634,338,22346,135,231,182,182,0.99
1635,338,36636,652,178,150,235,0.99
1636,338,25468,60,797,311,282,0.99
1637,338,3482,582,814,262,182,0.99
1638,339,22346,153,241,186,185,0.99
1639,339,36636,682,181,154,242,0.99
1640,339,25468,99,839,302,284,0.99
1641,339,3482,611,850,256,177,0.99
1642,340,34596,54,114,335,429,0.99
1643,340,20237,587,198,196,198,0.99
1644,340,27776,152,782,159,196,0.99
1645,340,3482,544,784,250,211,0.99
1646,341,34596,67,138,345,430,0.99
1647,341,20237,614,203,201,199,0.99
1648,341,27776,186,820,156,194,0.99
1649,341,3482,574,819,243,206,0.99
1650,344,28762,164,200,186,187,0.99
1651,344,16261,616,201,213,213,0.99
1652,344,27776,185,820,156,193,0.99
1653,344,3482,574,819,243,206,0.99
1654,345,28762,147,194,182,183,0.99
1655,345,16261,587,194,209,212,0.99
1656,345,27776,152,782,159,196,0.99
1657,345,3482,545,783,248,212,0.99
1658,346,25366,164,79,264,460,0.99
1659,346,16231,652,257,167,169,0.99
1660,346,27776,187,820,156,192,0.99
1661,346,3482,575,816,243,206,0.99
1662,347,25366,149,71,254,445,0.99
1663,347,16231,624,245,163,170,0.99
1664,347,27776,154,781,159,197,0.99
1665,347,3482,546,781,248,211,0.99
1666,349,34596,18,153,392,395,0.99
1667,349,35205,632,157,184,377,0.99
1668,349,27776,187,819,156,193,0.99
1669,349,3482,575,817,244,205,0.99
1670,352,19551,147,222,248,423,0.99
1671,352,2482,659,154,165,416,0.99
1672,352,5093,150,870,255,261,0.99
1673,352,22361,638,805,220,380,0.99
1674,355,12080,92,155,186,389,0.99
1675,355,5093,564,202,243,247,0.99
1676,355,2482,71,722,213,439,0.99
1677,355,23222,578,624,233,454,0.99
1678,356,23222,132,147,226,449,0.99
1679,356,2482,650,60,201,439,0.99
1680,356,5093,117,814,251,252,0.99
1681,356,12080,659,716,197,409,0.99
1682,359,31884,98,64,305,502,0.99
1683,359,29666,640,173,201,200,0.99
1684,359,27776,184,818,156,192,0.99
1685,359,3482,571,818,243,206,0.99
1686,361,18146,228,189,177,380,0.99
1687,361,16261,659,297,216,216,0.99
1688,361,3350,439,888,171,177,0.99
1689,364,35205,115,264,318,307,0.99
1690,364,32309,597,179,221,320,0.99
1691,364,3350,414,862,176,181,0.99
1692,372,34596,27,164,405,382,0.99
1693,372,16261,588,203,211,213,0.99
1694,372,25468,59,868,342,197,0.99
1695,372,3482,611,849,256,177,0.99
1696,374,25366,120,59,342,427,0.99
1697,374,29666,634,193,201,201,0.99
1698,374,20876,82,810,300,227,0.99
1699,374,3482,654,759,187,253,0.99
1700,379,31862,146,209,211,305,0.99
1701,379,16687,468,168,456,442,0.99
1702,379,3350,475,866,169,178,0.99
1703,380,3350,295,189,165,173,0.99
1704,380,16687,5,566,462,479,0.99
1705,380,31862,606,722,192,197,0.99
1706,382,12777,120,168,316,403,0.99
1707,382,2482,610,143,252,400,0.99
1708,382,3742,86,826,301,303,0.99
1709,382,5885,632,726,199,459,0.99
1710,384,12777,115,122,322,413,0.99
1711,384,2482,620,98,248,427,0.99
1712,384,3742,85,815,297,296,0.99
1713,384,5885,618,726,205,449,0.99
1714,387,3482,146,299,253,153,0.99
1715,387,27652,695,266,183,177,0.99
1716,387,20237,148,876,204,209,0.99
1717,387,31884,525,668,376,493,0.99
1718,389,34596,45,151,389,388,0.99
1719,389,16261,615,193,207,212,0.99
1720,389,20876,96,735,307,224,0.99
1721,389,3482,629,723,188,255,0.99
1722,38,31884,130,51,341,476,0.99
1723,38,35205,643,177,175,371,0.99
1724,38,20876,96,735,307,223,0.99
1725,38,3482,630,722,188,254,0.99
1726,390,34596,58,178,402,386,0.99
1727,390,16261,643,201,213,212,0.99
1728,390,20876,127,780,305,215,0.99
1729,390,3482,657,755,187,254,0.99
1730,392,1899,199,281,182,122,0.99
1731,392,21025,695,282,159,158,0.99
1732,392,16550,138,722,245,460,0.99
1733,392,33207,673,908,191,192,0.99
1734,393,33207,119,167,181,181,0.99
1735,393,16550,576,68,234,437,0.99
1736,393,21025,98,838,165,166,0.99
1737,393,1899,591,876,190,126,0.99
1738,394,3482,139,282,248,170,0.99
1739,394,25468,593,241,333,196,0.99
1740,394,20237,153,858,205,209,0.99
1741,394,28762,625,866,191,193,0.99
1742,395,28762,182,216,186,187,0.99
1743,395,20237,628,202,200,201,0.99
1744,395,25468,59,868,342,198,0.99
1745,395,3482,611,848,256,179,0.99
1746,396,28762,164,208,183,183,0.99
1747,396,20237,599,197,196,198,0.99
1748,396,25468,23,823,348,202,0.99
1749,396,3482,583,813,261,182,0.99
1750,3,1899,148,250,180,111,0.99
1751,3,16550,546,75,345,377,0.99
1752,3,24849,153,716,150,272,0.99
1753,3,27925,585,650,212,452,0.99
1754,400,1899,140,249,177,147,0.99
1755,400,16547,613,132,208,210,0.99
1756,400,33008,23,786,341,223,0.99
1757,400,33207,624,778,188,190,0.99
1758,401,33207,169,303,179,180,0.99
1759,401,33008,608,254,321,213,0.99
1760,401,16547,125,907,218,223,0.99
1761,401,1899,654,862,188,157,0.99
1762,404,3350,367,153,165,171,0.99
1763,404,18146,32,603,253,396,0.99
1764,404,35205,452,708,388,217,0.99
1765,409,1899,142,246,172,157,0.99
1766,409,10223,554,142,341,261,0.99
1767,409,16550,17,741,432,300,0.99
1768,409,33008,531,804,347,190,0.99
1769,40,3482,171,221,225,207,0.99
1770,40,19860,661,284,200,157,0.99
1771,40,29666,133,847,205,210,0.99
1772,40,31884,657,629,267,522,0.99
1773,411,33008,107,269,331,185,0.99
1774,411,16550,518,211,412,290,0.99
1775,411,10223,52,839,354,277,0.99
1776,411,1899,658,857,182,166,0.99
1777,412,19551,153,235,229,434,0.99
1778,412,2482,644,107,190,413,0.99
1779,412,5093,119,824,255,260,0.99
1780,412,12080,666,722,207,417,0.99
1781,413,19551,149,197,233,444,0.99
1782,413,2482,648,60,204,439,0.99
1783,413,5093,118,814,250,252,0.99
1784,413,12080,660,716,196,409,0.99
1785,414,12080,92,155,187,389,0.99
1786,414,5093,563,203,244,247,0.99
1787,414,2482,69,722,217,439,0.99
1788,414,19551,554,584,237,445,0.99
1789,415,31884,118,109,264,515,0.99
1790,415,16261,652,186,213,212,0.99
1791,415,19860,134,872,203,156,0.99
1792,415,3482,610,870,235,221,0.99
1793,416,31884,99,93,263,500,0.99
1794,416,16261,624,180,207,212,0.99
1795,416,19860,98,833,208,162,0.99
1796,416,3482,582,837,240,224,0.99
1797,417,3482,162,226,226,205,0.99
1798,417,19860,653,284,200,156,0.99
1799,417,16261,117,860,216,222,0.99
1800,417,31884,611,630,268,523,0.99
1801,419,3482,138,313,245,188,0.99
1802,419,27732,580,265,273,253,0.99
1803,419,20237,128,863,205,208,0.99
1804,419,25366,574,752,402,404,0.99
1805,41,31884,75,109,264,513,0.99
1806,41,29666,648,215,201,199,0.99
1807,41,19860,126,871,204,157,0.99
1808,41,3482,602,877,234,220,0.99
1809,420,25366,18,99,376,383,0.99
1810,420,20237,624,193,196,198,0.99
1811,420,27732,99,734,286,271,0.99
1812,420,3482,586,761,253,200,0.99
1813,422,3482,164,225,226,205,0.99
1814,422,19860,655,284,200,157,0.99
1815,422,36636,106,914,252,148,0.99
1816,422,34596,597,721,292,476,0.99
1817,423,34596,103,46,269,453,0.99
1818,423,36636,599,201,240,141,0.99
1819,423,19860,97,832,207,162,0.99
1820,423,3482,580,839,241,224,0.99
1821,429,34596,87,174,442,325,0.99
1822,429,29666,679,189,200,199,0.99
1823,429,27732,142,785,277,262,0.99
1824,429,3482,615,795,251,195,0.99
1825,42,31884,57,93,258,499,0.99
1826,42,29666,620,207,196,201,0.99
1827,42,19860,91,832,207,162,0.99
1828,42,3482,574,842,239,225,0.99
1829,430,3543,190,204,184,187,0.99
1830,430,4542,620,160,182,184,0.99
1831,430,16550,83,624,368,386,0.99
1832,430,33877,628,803,133,202,0.99
1833,431,3543,208,213,188,189,0.99
1834,431,4542,648,161,188,186,0.99
1835,431,16550,118,677,361,379,0.99
1836,431,33877,655,838,128,199,0.99
1837,432,33877,220,269,123,194,0.99
1838,432,16550,516,239,352,369,0.99
1839,432,4542,144,913,192,194,0.99
1840,432,3543,595,866,194,196,0.99
1841,433,30307,107,122,300,397,0.99
1842,433,16231,626,183,170,172,0.99
1843,433,27732,99,734,286,269,0.99
1844,433,3482,586,763,254,198,0.99
1845,434,3482,138,313,246,188,0.99
1846,434,27732,580,265,273,256,0.99
1847,434,16231,151,898,179,181,0.99
1848,434,30307,560,708,321,419,0.99
1849,435,30307,120,136,313,411,0.99
1850,435,16231,655,190,175,169,0.99
1851,435,27732,134,781,280,258,0.99
1852,435,3482,614,796,250,197,0.99
1853,436,31884,51,147,395,470,0.99
1854,436,20237,628,202,200,202,0.99
1855,436,25468,59,868,342,197,0.99
1856,436,3482,611,849,256,177,0.99
1857,443,4377,96,134,187,389,0.99
1858,443,25437,577,196,230,233,0.99
1859,443,2482,97,694,213,438,0.99
1860,443,22626,568,714,269,430,0.99
1861,444,22626,116,129,252,407,0.99
1862,444,2482,612,137,217,409,0.99
1863,444,25437,118,850,242,245,0.99
1864,444,4377,671,737,183,418,0.99
1865,449,34596,62,157,323,442,0.99
1866,449,16261,636,191,211,213,0.99
1867,449,27652,108,860,187,189,0.99
1868,449,3482,598,851,261,156,0.99
1869,44,3350,381,161,164,172,0.99
1870,44,29666,104,732,209,215,0.99
1871,44,13899,587,680,160,250,0.99
1872,452,44198,192,243,167,243,0.99
1873,452,29450,531,257,371,194,0.99
1874,452,16550,165,658,259,450,0.99
1875,452,1899,655,849,168,179,0.99
1876,454,5885,147,120,192,425,0.99
1877,454,5093,576,208,244,247,0.99
1878,454,2482,120,728,193,444,0.99
1879,454,6191,531,625,231,471,0.99
1880,455,6191,176,125,228,468,0.99
1881,455,2482,621,52,181,441,0.99
1882,455,5093,104,807,251,253,0.99
1883,455,5885,598,709,201,449,0.99
1884,456,6191,179,165,223,454,0.99
1885,456,2482,617,100,168,414,0.99
1886,456,5093,106,818,255,260,0.99
1887,456,5885,603,711,214,456,0.99
1888,457,6191,147,195,206,473,0.99
1889,457,2482,651,93,185,442,0.99
1890,457,5093,145,846,250,253,0.99
1891,457,13394,648,706,195,452,0.99
1892,458,6191,150,230,203,461,0.99
1893,458,2482,641,139,191,414,0.99
1894,458,5093,146,856,256,260,0.99
1895,458,13394,654,706,208,462,0.99
1896,459,13394,104,119,186,431,0.99
1897,459,5093,536,174,244,246,0.99
1898,459,2482,95,685,184,445,0.99
1899,459,6191,583,555,208,470,0.99
1900,460,22361,101,144,220,352,0.99
1901,460,3742,505,142,286,278,0.99
1902,460,2482,112,683,166,451,0.99
1903,460,23222,545,618,224,453,0.99
1904,462,23222,175,196,215,438,0.99
1905,462,2482,649,136,161,416,0.99
1906,462,3742,135,853,300,303,0.99
1907,462,22361,624,760,239,378,0.99
1908,463,3482,145,299,253,153,0.99
1909,463,27652,694,265,183,177,0.99
1910,463,20237,147,877,205,208,0.99
1911,463,28762,642,883,192,192,0.99
1912,464,28762,146,193,183,183,0.99
1913,464,20237,604,180,196,198,0.99
1914,464,27652,74,821,196,192,0.99
1915,464,3482,571,814,265,163,0.99
1916,465,28762,164,200,187,186,0.99
1917,465,20237,634,183,199,201,0.99
1918,465,27652,109,861,195,190,0.99
1919,465,3482,600,850,259,156,0.99
1920,468,23222,149,168,229,433,0.99
1921,468,2482,622,150,164,416,0.99
1922,468,25437,163,880,242,246,0.99
1923,468,22361,618,772,234,378,0.99
1924,469,28762,158,228,187,186,0.99
1925,469,35205,617,139,217,369,0.99
1926,469,27732,135,781,279,259,0.99
1927,469,3482,615,796,250,195,0.99
1928,46,23222,138,150,233,448,0.99
1929,46,2482,611,97,205,437,0.99
1930,46,3742,130,800,296,296,0.99
1931,46,12080,622,737,192,409,0.99
1932,472,3543,157,196,189,189,0.99
1933,472,16547,638,155,211,213,0.99
1934,472,6562,202,725,178,335,0.99
1935,472,33877,639,858,200,124,0.99
1936,474,33877,166,317,193,129,0.99
1937,474,6562,613,251,175,311,0.99
1938,474,16547,131,889,217,222,0.99
1939,474,3543,647,882,195,198,0.99
1940,475,19551,129,186,235,429,0.99
1941,475,2482,617,121,165,414,0.99
1942,475,25437,133,831,241,246,0.99
1943,475,13394,620,744,195,463,0.99
1944,477,19551,125,143,239,440,0.99
1945,477,2482,620,73,178,443,0.99
1946,477,25437,131,819,237,239,0.99
1947,477,13394,607,743,199,454,0.99
1948,479,25366,86,110,304,430,0.99
1949,479,36636,642,185,163,231,0.99
1950,479,27776,153,781,159,196,0.99
1951,479,3482,544,781,248,211,0.99
1952,47,12080,131,137,185,387,0.99
1953,47,3742,507,179,287,278,0.99
1954,47,2482,108,688,216,436,0.99
1955,47,23222,564,623,242,452,0.99
1956,481,22626,120,163,222,420,0.99
1957,481,2482,641,139,190,414,0.99
1958,481,5093,146,856,256,261,0.99
1959,481,13394,654,706,207,461,0.99
1960,482,13394,105,119,185,431,0.99
1961,482,5093,536,174,244,246,0.99
1962,482,2482,95,684,184,446,0.99
1963,482,22626,594,666,233,440,0.99
1964,484,32309,37,337,265,305,0.99
1965,484,16687,499,137,374,499,0.99
1966,484,3350,430,902,170,178,0.99
1967,485,3350,337,154,166,172,0.99
1968,485,16687,57,542,377,539,0.99
1969,485,32309,638,545,263,321,0.99
1970,486,3350,379,211,167,167,0.99
1971,486,16687,97,639,377,545,0.99
1972,486,32309,676,642,268,325,0.99
1973,487,31884,109,65,352,484,0.99
1974,487,16231,655,191,175,167,0.99
1975,487,27732,134,781,280,258,0.99
1976,487,3482,614,797,250,194,0.99
1977,493,1899,197,295,179,145,0.99
1978,493,21025,695,282,159,158,0.99
1979,493,16547,137,894,219,223,0.99
1980,493,19606,694,908,145,145,0.99
1981,494,19606,142,218,138,138,0.99
1982,494,16547,601,146,208,210,0.99
1983,494,21025,98,838,166,166,0.99
1984,494,1899,595,834,185,151,0.99
1985,496,36636,171,303,171,234,0.99
1986,496,3831,514,192,335,342,0.99
1987,496,3350,404,878,170,178,0.99
1988,497,3350,362,166,167,170,0.99
1989,497,3831,66,665,352,357,0.99
1990,497,36636,596,677,178,245,0.99
1991,499,3482,139,283,248,169,0.99
1992,499,25468,592,242,334,195,0.99
1993,499,16261,184,843,216,222,0.99
1994,499,25366,558,746,383,421,0.99
1995,4,29344,142,171,227,383,0.99
1996,4,24849,617,264,261,145,0.99
1997,4,16550,157,670,244,457,0.99
1998,4,1899,697,816,109,190,0.99
1999,500,25366,51,90,358,398,0.99
2000,500,16261,560,196,207,211,0.99
2001,500,25468,23,823,348,202,0.99
2002,500,3482,583,814,261,181,0.99
2003,501,25366,64,101,370,407,0.99
2004,501,16261,588,203,211,213,0.99
2005,501,25468,59,868,342,197,0.99
2006,501,3482,611,850,257,176,0.99
2007,502,3482,139,283,247,170,0.99
2008,502,25468,592,242,334,196,0.99
2009,502,20237,154,859,205,208,0.99
2010,502,30307,571,743,371,387,0.99
2011,503,30307,50,120,346,366,0.99
2012,503,20237,600,197,195,198,0.99
2013,503,25468,23,822,348,202,0.99
2014,503,3482,583,814,261,181,0.99
2015,506,3350,362,149,163,171,0.99
2016,506,31862,90,706,192,197,0.99
2017,506,38161,548,645,169,280,0.99
2018,507,3350,402,204,167,168,0.99
2019,507,31862,132,792,190,191,0.99
2020,507,38161,586,740,169,272,0.99
2021,508,22073,174,268,170,177,0.99
2022,508,18146,554,252,303,331,0.99
2023,508,3350,428,878,171,178,0.99
2024,509,3350,338,175,166,172,0.99
2025,509,18146,60,619,318,359,0.99
2026,509,22073,596,787,175,180,0.99
2027,511,3482,164,225,226,205,0.99
2028,511,19860,655,284,200,157,0.99
2029,511,36636,106,914,253,148,0.99
2030,511,25366,608,764,336,453,0.99
2031,515,30307,102,200,391,342,0.99
2032,515,35205,632,156,184,378,0.99
2033,515,27776,188,819,155,193,0.99
2034,515,3482,575,816,243,206,0.99
2035,516,3482,186,287,236,197,0.99
2036,516,27776,649,300,153,184,0.99
2037,516,35205,164,721,194,385,0.99
2038,516,30307,498,713,400,350,0.99
2039,517,31884,42,34,320,498,0.99
2040,517,36636,650,217,169,235,0.99
2041,517,27652,107,861,188,189,0.99
2042,517,3482,599,852,259,155,0.99
2043,518,31884,33,23,306,488,0.99
2044,518,36636,620,211,167,230,0.99
2045,518,27652,73,821,191,191,0.99
2046,518,3482,570,816,264,161,0.99
2047,519,3482,146,299,253,152,0.99
2048,519,27652,696,266,183,177,0.99
2049,519,36636,161,811,177,241,0.99
2050,519,31884,630,716,335,497,0.99
2051,520,3482,189,284,235,197,0.99
2052,520,27776,651,300,153,184,0.99
2053,520,29666,140,888,205,211,0.99
2054,520,28762,632,915,193,193,0.99
2055,521,28762,156,164,183,181,0.99
2056,521,29666,610,168,197,200,0.99
2057,521,27776,151,780,160,196,0.99
2058,521,3482,543,782,249,210,0.99
2059,522,28762,172,166,188,188,0.99
2060,522,29666,640,171,201,201,0.99
2061,522,27776,184,818,157,193,0.99
2062,522,3482,572,818,242,206,0.99
2063,525,3482,138,313,246,187,0.99
2064,525,27732,580,265,273,256,0.99
2065,525,16231,151,898,179,181,0.99
2066,525,28762,653,873,193,195,0.99
2067,526,3482,162,226,226,205,0.99
2068,526,19860,653,284,201,157,0.99
2069,526,16261,117,860,216,222,0.99
2070,526,30307,582,727,260,443,0.99
2071,527,30307,158,92,252,436,0.99
2072,527,16261,652,186,212,212,0.99
2073,527,19860,134,872,203,156,0.99
2074,527,3482,610,871,235,221,0.99
2075,528,30307,144,83,241,417,0.99
2076,528,16261,624,180,207,212,0.99
2077,528,19860,98,833,208,162,0.99
2078,528,3482,582,837,240,225,0.99
2079,529,22346,115,247,185,185,0.99
2080,529,20237,628,202,201,201,0.99
2081,529,25468,59,868,342,198,0.99
2082,529,3482,611,849,257,178,0.99
2083,530,3482,139,282,248,170,0.99
2084,530,25468,592,241,334,196,0.99
2085,530,20237,153,858,206,209,0.99
2086,530,22346,694,838,190,191,0.99
2087,531,22346,97,236,182,182,0.99
2088,531,20237,598,197,197,198,0.99
2089,531,25468,23,823,348,202,0.99
2090,531,3482,583,814,263,181,0.99
2091,532,19551,146,153,316,376,0.99
2092,532,2482,610,143,251,400,0.99
2093,532,3742,86,826,301,303,0.99
2094,532,5885,632,726,199,458,0.99
2095,533,19551,142,106,322,388,0.99
2096,533,2482,620,97,249,428,0.99
2097,533,3742,85,815,297,296,0.99
2098,533,5885,618,726,205,449,0.99
2099,534,5885,119,105,202,424,0.99
2100,534,3742,550,165,288,280,0.99
2101,534,2482,63,697,249,429,0.99
2102,534,19551,471,723,334,395,0.99
2103,535,31884,96,157,354,487,0.99
2104,535,36636,682,182,153,241,0.99
2105,535,25468,98,838,303,284,0.99
2106,535,3482,611,851,256,175,0.99
2107,536,31884,83,135,344,484,0.99
2108,536,36636,653,179,149,235,0.99
2109,536,25468,60,796,311,283,0.99
2110,536,3482,583,814,260,181,0.99
2111,537,3482,140,283,247,169,0.99
2112,537,25468,593,194,293,267,0.99
2113,537,36636,144,839,161,248,0.99
2114,537,31884,543,611,362,497,0.99
2115,539,3350,331,140,165,172,0.99
2116,539,20013,27,685,314,314,0.99
2117,539,38161,608,722,170,281,0.99
2118,53,6191,129,150,299,424,0.99
2119,53,2482,667,136,174,417,0.99
2120,53,25437,140,860,242,247,0.99
2121,53,5885,619,711,209,457,0.99
2122,540,3350,372,195,167,168,0.99
2123,540,20013,71,770,310,311,0.99
2124,540,38161,646,818,167,274,0.99
2125,541,3482,162,227,226,204,0.99
2126,541,19860,653,284,200,157,0.99
2127,541,16231,156,906,175,178,0.99
2128,541,31884,625,668,269,521,0.99
2129,542,31884,91,58,256,497,0.99
2130,542,16231,626,178,165,170,0.99
2131,542,19860,98,833,208,162,0.99
2132,542,3482,582,838,239,223,0.99
2133,543,31884,107,70,263,514,0.99
2134,543,16231,654,181,171,174,0.99
2135,543,19860,134,872,203,156,0.99
2136,543,3482,610,872,235,219,0.99
2137,545,3482,190,284,235,197,0.99
2138,545,27776,652,300,153,184,0.99
2139,545,29666,140,887,205,212,0.99
2140,545,22346,678,870,189,191,0.99
2141,546,22346,114,206,181,183,0.99
2142,546,29666,610,168,197,201,0.99
2143,546,27776,150,779,160,197,0.99
2144,546,3482,543,782,248,211,0.99
2145,547,22346,130,249,185,185,0.99
2146,547,36636,639,219,164,237,0.99
2147,547,20876,127,780,304,216,0.99
2148,547,3482,656,756,187,253,0.99
2149,548,3482,157,298,186,240,0.99
2150,548,20876,562,302,300,215,0.99
2151,548,36636,178,807,171,244,0.99
2152,548,22346,678,837,190,191,0.99
2153,54,5885,137,118,187,426,0.99
2154,54,25437,556,186,230,233,0.99
2155,54,2482,85,688,167,442,0.99
2156,54,6191,502,670,311,442,0.99
2157,551,3482,144,300,254,152,0.99
2158,551,27652,694,265,183,178,0.99
2159,551,20237,148,877,205,208,0.99
2160,551,30307,568,699,344,404,0.99
2161,552,30307,90,160,335,397,0.99
2162,552,20237,634,184,199,200,0.99
2163,552,27652,109,861,188,189,0.99
2164,552,3482,600,850,259,157,0.99
2165,553,34596,27,101,365,409,0.99
2166,553,16231,610,219,166,171,0.99
2167,553,25468,23,822,348,202,0.99
2168,553,3482,583,813,261,182,0.99
2169,555,34596,38,124,377,409,0.99
2170,555,16231,638,226,170,174,0.99
2171,555,25468,59,868,342,197,0.99
2172,555,3482,611,849,257,177,0.99
2173,55,20013,66,295,306,299,0.99
2174,55,16687,452,176,467,432,0.99
2175,55,3350,433,855,170,177,0.99
2176,560,30307,132,95,219,444,0.99
2177,560,35205,600,109,247,357,0.99
2178,560,19860,134,872,203,156,0.99
2179,560,3482,610,871,235,221,0.99
2180,564,1899,158,258,179,154,0.99
2181,564,16550,610,126,248,444,0.99
2182,564,21770,169,812,171,174,0.99
2183,564,33008,559,846,342,182,0.99
2184,565,12777,48,198,347,381,0.99
2185,565,2482,644,107,190,413,0.99
2186,565,5093,119,823,255,261,0.99
2187,565,12080,666,722,207,418,0.99
2188,569,12080,131,137,186,387,0.99
2189,569,3742,508,180,287,277,0.99
2190,569,2482,108,687,216,438,0.99
2191,569,12777,577,611,216,464,0.99
2192,56,3350,335,200,164,173,0.99
2193,56,16687,9,569,474,468,0.99
2194,56,20013,566,634,313,313,0.99
2195,571,24849,135,151,144,259,0.99
2196,571,16550,560,72,256,426,0.99
2197,571,21025,98,838,165,166,0.99
2198,571,1899,590,875,189,127,0.99
2199,572,1899,200,282,183,121,0.99
2200,572,21025,696,282,159,160,0.99
2201,572,16550,127,729,275,449,0.99
2202,572,24849,695,842,153,276,0.99
2203,573,24849,151,156,148,268,0.99
2204,573,16550,587,81,264,437,0.99
2205,573,21025,132,873,162,163,0.99
2206,573,1899,618,910,186,119,0.99
2207,574,22626,134,212,229,429,0.99
2208,574,2482,688,107,169,444,0.99
2209,574,3742,128,843,295,296,0.99
2210,574,13394,646,706,193,453,0.99
2211,575,13394,109,119,183,430,0.99
2212,575,3742,511,140,285,281,0.99
2213,575,2482,73,671,170,445,0.99
2214,575,22626,572,579,235,435,0.99
2215,576,22626,138,248,226,422,0.99
2216,576,2482,677,150,175,417,0.99
2217,576,3742,129,854,300,303,0.99
2218,576,13394,652,707,204,461,0.99
2219,577,1899,140,250,178,147,0.99
2220,577,16550,556,85,310,401,0.99
2221,577,19606,146,793,143,144,0.99
2222,577,33008,530,803,348,195,0.99
2223,578,33008,107,269,331,184,0.99
2224,578,19606,672,340,138,136,0.99
2225,578,16550,72,742,334,420,0.99
2226,578,1899,654,863,187,156,0.99
2227,579,1899,157,260,182,148,0.99
2228,579,16550,584,95,320,410,0.99
2229,579,19606,180,829,139,141,0.99
2230,579,33008,560,846,341,182,0.99
2231,581,33008,107,268,331,185,0.99
2232,581,24849,668,220,141,250,0.99
2233,581,16547,116,914,221,223,0.99
2234,581,1899,656,858,185,161,0.99
2235,583,5885,134,118,193,424,0.99
2236,583,5093,562,198,243,247,0.99
2237,583,2482,81,712,222,435,0.99
2238,583,19551,502,667,262,440,0.99
2239,584,19551,183,165,249,418,0.99
2240,584,2482,619,122,224,409,0.99
2241,584,5093,121,828,255,261,0.99
2242,584,5885,615,713,216,456,0.99
2243,586,28762,156,207,183,181,0.99
2244,586,36636,652,178,150,236,0.99
2245,586,25468,60,797,312,283,0.99
2246,586,3482,582,814,262,182,0.99
2247,587,3482,140,282,247,170,0.99
2248,587,25468,593,193,293,268,0.99
2249,587,36636,143,838,162,248,0.99
2250,587,28762,632,868,193,194,0.99
2251,588,28762,174,214,186,187,0.99
2252,588,36636,682,181,154,242,0.99
2253,588,25468,99,838,302,284,0.99
2254,588,3482,610,850,258,177,0.99
2255,589,25366,48,136,276,456,0.99
2256,589,16261,652,185,212,213,0.99
2257,589,19860,134,872,203,156,0.99
2258,589,3482,610,871,235,220,0.99
2259,58,34596,55,78,335,429,0.99
2260,58,35205,572,102,240,350,0.99
2261,58,19860,99,833,207,162,0.99
2262,58,3482,582,837,242,225,0.99
2263,591,3482,162,227,227,204,0.99
2264,591,19860,654,284,199,157,0.99
2265,591,16261,117,860,216,222,0.99
2266,591,25366,669,666,287,466,0.99
2267,592,3482,163,225,227,205,0.99
2268,592,19860,655,284,200,157,0.99
2269,592,29666,132,852,205,211,0.99
2270,592,28762,667,910,193,194,0.99
2271,593,28762,123,167,182,182,0.99
2272,593,29666,619,201,198,201,0.99
2273,593,19860,97,833,207,161,0.99
2274,593,3482,580,838,241,224,0.99
2275,594,28762,139,171,186,188,0.99
2276,594,29666,649,208,201,200,0.99
2277,594,19860,132,872,203,156,0.99
2278,594,3482,608,872,235,220,0.99
2279,595,32309,122,227,226,322,0.99
2280,595,16231,659,297,174,176,0.99
2281,595,3350,405,873,177,181,0.99
2282,596,3350,360,170,163,170,0.99
2283,596,16231,88,741,181,184,0.99
2284,596,32309,590,629,239,347,0.99
2285,598,36636,179,344,166,240,0.99
2286,598,33879,572,213,257,387,0.99
2287,598,3350,412,881,170,177,0.99
2288,5,1899,190,276,107,182,0.99
2289,5,16550,588,133,239,447,0.99
2290,5,24849,108,905,268,147,0.99
2291,5,29344,629,734,236,410,0.99
2292,600,3350,396,233,167,167,0.99
2293,600,33879,132,702,268,404,0.99
2294,600,36636,632,730,168,245,0.99
2295,601,3482,139,313,245,188,0.99
2296,601,27732,580,265,273,258,0.99
2297,601,16261,168,813,216,220,0.99
2298,601,31884,526,649,415,465,0.99
2299,602,31884,48,130,395,450,0.99
2300,602,16261,576,225,207,212,0.99
2301,602,27732,99,735,286,269,0.99
2302,602,3482,587,763,252,199,0.99
2303,603,31884,61,150,406,454,0.99
2304,603,16261,604,235,212,212,0.99
2305,603,27732,134,781,280,258,0.99
2306,603,3482,614,796,250,196,0.99
2307,605,28762,155,256,188,187,0.99
2308,605,36636,650,217,169,234,0.99
2309,605,27652,108,861,190,189,0.99
2310,605,3482,600,851,259,155,0.99
2311,608,3350,349,200,165,172,0.99
2312,608,33879,68,627,271,411,0.99
2313,608,29666,601,731,208,215,0.99
2314,60,3482,162,226,226,205,0.99
2315,60,19860,653,284,201,156,0.99
2316,60,35205,129,785,260,370,0.99
2317,60,34596,578,711,359,452,0.99
2318,610,34596,0,134,356,409,0.99
2319,610,16231,627,226,170,173,0.99
2320,610,27652,72,820,192,191,0.99
2321,610,3482,570,815,263,163,0.99
2322,611,3482,147,299,252,153,0.99
2323,611,27652,696,266,183,178,0.99
2324,611,16231,153,852,177,180,0.99
2325,611,34596,612,676,364,425,0.99
2326,612,34596,3,161,378,408,0.99
2327,612,16231,656,237,174,170,0.99
2328,612,27652,107,860,188,189,0.99
2329,612,3482,598,852,259,154,0.99
2330,614,3350,357,162,164,171,0.99
2331,614,19231,176,669,219,331,0.99
2332,614,22073,642,734,173,180,0.99
2333,615,3350,398,219,167,167,0.99
2334,615,19231,219,769,216,332,0.99
2335,615,22073,680,827,172,175,0.99
2336,616,3482,162,226,226,205,0.99
2337,616,19860,653,284,200,156,0.99
2338,616,16231,155,906,175,178,0.99
2339,616,28762,648,896,193,195,0.99
2340,617,28762,158,185,187,188,0.99
2341,617,16231,654,181,171,174,0.99
2342,617,19860,134,872,203,156,0.99
2343,617,3482,610,871,235,221,0.99
2344,618,28762,141,180,183,181,0.99
2345,618,16231,625,177,167,170,0.99
2346,618,19860,98,833,208,162,0.99
2347,618,3482,582,837,242,225,0.99
2348,620,22361,102,104,211,351,0.99
2349,620,5093,534,163,242,244,0.99
2350,620,2482,99,667,170,446,0.99
2351,620,23222,583,673,228,456,0.99
2352,621,23222,130,95,224,450,0.99
2353,621,2482,667,110,163,445,0.99
2354,621,5093,148,860,251,252,0.99
2355,621,22361,626,802,217,374,0.99
2356,622,41767,140,303,234,276,0.99
2357,622,22073,621,296,168,178,0.99
2358,622,3350,406,897,171,178,0.99
2359,623,3350,361,157,165,172,0.99
2360,623,22073,134,754,173,180,0.99
2361,623,41767,562,638,245,289,0.99
2362,624,3350,402,215,167,167,0.99
2363,624,22073,176,846,172,173,0.99
2364,624,41767,602,726,241,292,0.99
2365,625,3482,138,313,246,188,0.99
2366,625,27732,581,265,272,254,0.99
2367,625,16261,168,813,216,221,0.99
2368,625,30307,522,709,381,375,0.99
2369,627,30307,84,162,360,355,0.99
2370,627,16261,576,225,208,212,0.99
2371,627,27732,99,735,286,271,0.99
2372,627,3482,587,762,252,199,0.99
2373,628,3482,138,313,246,187,0.99
2374,628,27732,580,264,273,257,0.99
2375,628,16231,151,898,179,180,0.99
2376,628,22346,691,858,191,192,0.99
2377,62,3350,333,164,167,171,0.99
2378,62,18146,107,565,253,394,0.99
2379,62,36636,550,658,190,240,0.99
2380,632,5885,139,121,191,424,0.99
2381,632,25437,559,190,230,233,0.99
2382,632,2482,81,690,176,442,0.99
2383,632,23222,538,639,228,455,0.99
2384,633,23222,177,176,219,435,0.99
2385,633,2482,673,134,159,417,0.99
2386,633,25437,137,856,242,245,0.99
2387,633,5885,612,710,214,456,0.99
2388,635,3543,190,203,184,187,0.99
2389,635,4542,620,160,182,184,0.99
2390,635,16547,78,759,221,219,0.99
2391,635,33877,628,803,138,202,0.99
2392,636,33877,220,268,123,193,0.99
2393,636,16547,666,288,208,207,0.99
2394,636,4542,144,913,192,195,0.99
2395,636,3543,595,866,194,197,0.99
2396,637,6191,76,219,424,308,0.99
2397,637,2482,610,143,251,400,0.99
2398,637,3742,86,826,301,303,0.99
2399,637,5885,631,727,200,458,0.99
2400,638,6191,70,181,432,314,0.99
2401,638,2482,620,98,249,427,0.99
2402,638,3742,85,815,297,296,0.99
2403,638,5885,618,726,205,449,0.99
2404,640,20237,107,308,205,205,0.99
2405,640,3831,505,296,361,321,0.99
2406,640,3350,415,925,171,179,0.99
2407,641,3350,351,132,164,171,0.99
2408,641,3831,54,589,373,328,0.99
2409,641,20237,630,717,209,211,0.99
2410,644,13394,97,122,188,430,0.99
2411,644,3742,499,135,285,280,0.99
2412,644,2482,71,674,179,445,0.99
2413,644,6191,537,645,210,477,0.99
2414,646,3482,188,286,235,197,0.99
2415,646,27776,650,300,153,183,0.99
2416,646,36636,141,837,173,242,0.99
2417,646,34596,430,649,409,402,0.99
2418,647,34596,160,212,403,383,0.99
2419,647,36636,672,189,166,236,0.99
2420,647,27776,186,819,156,193,0.99
2421,647,3482,573,816,245,207,0.99
2422,648,34596,142,182,392,388,0.99
2423,648,36636,643,185,162,231,0.99
2424,648,27776,154,780,158,197,0.99
2425,648,3482,544,781,248,212,0.99
2426,64,29666,165,288,205,211,0.99
2427,64,20013,608,281,306,295,0.99
2428,64,3350,406,894,171,178,0.99
2429,650,3350,378,183,162,170,0.99
2430,650,32309,0,714,298,297,0.99
2431,650,36636,569,830,258,152,0.99
2432,652,1899,131,264,181,137,0.99
2433,652,16550,582,85,242,432,0.99
2434,652,24849,128,852,273,153,0.99
2435,652,31704,607,714,227,421,0.99
2436,653,31704,149,148,215,389,0.99
2437,653,24849,564,278,261,145,0.99
2438,653,16550,120,712,259,453,0.99
2439,653,1899,659,864,189,142,0.99
2440,654,1899,149,274,185,135,0.99
2441,654,16550,610,94,249,442,0.99
2442,654,24849,162,891,269,146,0.99
2443,654,31704,636,754,221,415,0.99
2444,656,3543,158,196,188,189,0.99
2445,656,16550,556,194,374,366,0.99
2446,656,6562,202,725,179,335,0.99
2447,656,33877,639,858,199,123,0.99
2448,658,1899,174,253,165,169,0.99
2449,658,16550,650,32,239,449,0.99
2450,658,18109,93,803,267,270,0.99
2451,658,29450,510,836,361,243,0.99
2452,659,1899,155,244,163,169,0.99
2453,659,16550,621,30,233,435,0.99
2454,659,18109,58,760,272,278,0.99
2455,659,29450,479,797,367,249,0.99
2456,65,3350,359,162,165,171,0.99
2457,65,20013,6,650,315,312,0.99
2458,65,29666,570,737,209,214,0.99
2459,660,29450,134,229,353,238,0.99
2460,660,18109,631,238,263,266,0.99
2461,660,16550,90,764,245,463,0.99
2462,660,1899,654,850,169,179,0.99
2463,661,31862,186,311,188,192,0.99
2464,661,16231,695,300,175,176,0.99
2465,661,3350,387,886,170,177,0.99
2466,662,3350,379,169,165,172,0.99
2467,662,16231,50,753,181,176,0.99
2468,662,31862,564,733,192,197,0.99
2469,664,3482,156,299,185,240,0.99
2470,664,20876,561,303,300,215,0.99
2471,664,36636,178,808,171,244,0.99
2472,664,28762,648,884,193,191,0.99
2473,665,28762,140,193,184,182,0.99
2474,665,36636,610,211,161,233,0.99
2475,665,20876,95,735,309,224,0.99
2476,665,3482,630,721,188,256,0.99
2477,667,22626,49,167,425,244,0.99
2478,667,2482,589,134,264,422,0.99
2479,667,25437,129,828,238,238,0.99
2480,667,12080,663,729,204,409,0.99
2481,668,12080,82,143,194,388,0.99
2482,668,25437,565,205,230,231,0.99
2483,668,2482,80,668,266,421,0.99
2484,668,22626,461,798,434,263,0.99
2485,66,3350,402,217,167,169,0.99
2486,66,20013,50,733,310,311,0.99
2487,66,29666,609,828,206,206,0.99
2488,670,3482,139,282,248,170,0.99
2489,670,25468,593,193,292,268,0.99
2490,670,35205,160,742,202,386,0.99
2491,670,22346,696,854,189,193,0.99
2492,672,22346,114,230,184,185,0.99
2493,672,35205,628,135,191,376,0.99
2494,672,25468,100,839,301,283,0.99
2495,672,3482,612,849,256,178,0.99
2496,674,44198,152,303,256,128,0.99
2497,674,27925,630,179,209,418,0.99
2498,674,16547,166,898,217,223,0.99
2499,674,1899,645,902,190,118,0.99
2500,675,1899,146,248,181,113,0.99
2501,675,16547,575,142,206,210,0.99
2502,675,27925,109,635,227,449,0.99
2503,675,44198,562,844,266,128,0.99
2504,677,1899,148,249,180,111,0.99
2505,677,16550,634,32,256,426,0.99
2506,677,18109,29,706,271,277,0.99
2507,677,27925,584,650,212,451,0.99
2508,679,22626,173,204,257,411,0.99
2509,679,2482,630,126,173,414,0.99
2510,679,5093,117,823,255,260,0.99
2511,679,4377,610,730,193,419,0.99
2512,680,4377,159,139,173,390,0.99
2513,680,5093,565,204,243,246,0.99
2514,680,2482,103,701,198,440,0.99
2515,680,22626,505,635,270,424,0.99
2516,681,22626,169,164,261,420,0.99
2517,681,2482,634,81,185,439,0.99
2518,681,5093,116,814,251,251,0.99
2519,681,4377,604,727,183,411,0.99
2520,684,1899,190,276,107,182,0.99
2521,684,16550,546,104,320,408,0.99
2522,684,18109,94,778,267,269,0.99
2523,684,29344,592,735,279,395,0.99
2524,685,6191,126,51,227,467,0.99
2525,685,2482,588,135,265,423,0.99
2526,685,25437,126,827,238,238,0.99
2527,685,12080,661,731,202,409,0.99
2528,688,34596,116,207,408,370,0.99
2529,688,20237,624,193,196,198,0.99
2530,688,27732,99,735,286,272,0.99
2531,688,3482,586,762,253,199,0.99
2532,68,3482,186,286,235,197,0.99
2533,68,27776,649,299,153,184,0.99
2534,68,16231,165,835,170,179,0.99
2535,68,30307,531,779,406,348,0.99
2536,692,3482,146,299,253,153,0.99
2537,692,27652,696,266,183,177,0.99
2538,692,35205,130,704,159,389,0.99
2539,692,22346,672,844,189,191,0.99
2540,694,35205,170,290,224,369,0.99
2541,694,19231,514,248,301,239,0.99
2542,694,3350,412,858,170,177,0.99
2543,697,38161,150,271,202,247,0.99
2544,697,18356,614,215,216,321,0.99
2545,697,3350,410,862,176,179,0.99
2546,698,3350,356,181,163,169,0.99
2547,698,18356,89,645,227,347,0.99
2548,698,38161,586,688,214,262,0.99
2549,700,30307,86,147,342,370,0.99
2550,700,16231,626,178,165,170,0.99
2551,700,19860,98,833,208,162,0.99
2552,700,3482,582,837,240,224,0.99
2553,701,30307,100,163,354,381,0.99
2554,701,16231,654,181,171,174,0.99
2555,701,19860,134,872,203,156,0.99
2556,701,3482,610,871,235,221,0.99
2557,702,3482,162,226,226,205,0.99
2558,702,19860,653,284,200,156,0.99
2559,702,16231,156,906,175,177,0.99
2560,702,30307,538,710,363,389,0.99
2561,705,22346,130,206,184,185,0.99
2562,705,29666,649,213,201,201,0.99
2563,705,19860,126,871,204,157,0.99
2564,705,3482,602,876,233,222,0.99
2565,706,12777,100,166,274,425,0.99
2566,706,2482,619,122,224,409,0.99
2567,706,5093,121,828,254,261,0.99
2568,706,5885,615,713,216,456,0.99
2569,707,5885,134,117,194,425,0.99
2570,707,5093,562,199,243,246,0.99
2571,707,2482,81,711,222,436,0.99
2572,707,12777,562,663,291,443,0.99
2573,708,12777,94,120,280,436,0.99
2574,708,2482,629,75,221,436,0.99
2575,708,5093,119,818,251,253,0.99
2576,708,5885,610,712,203,448,0.99
2577,70,29450,66,248,368,199,0.99
2578,70,24849,665,271,158,245,0.99
2579,70,16550,75,731,251,460,0.99
2580,70,1899,644,905,190,142,0.99
2581,710,28762,167,242,186,183,0.99
2582,710,16261,575,224,209,212,0.99
2583,710,27732,99,734,286,264,0.99
2584,710,3482,587,763,254,198,0.99
2585,712,12777,151,171,202,449,0.99
2586,712,2482,640,139,191,413,0.99
2587,712,5093,146,856,256,261,0.99
2588,712,13394,654,706,207,461,0.99
2589,713,13394,105,119,185,431,0.99
2590,713,5093,537,174,243,246,0.99
2591,713,2482,95,685,184,445,0.99
2592,713,12777,585,634,209,465,0.99
2593,714,12777,148,127,204,459,0.99
2594,714,2482,652,93,185,442,0.99
2595,714,5093,145,846,250,253,0.99
2596,714,13394,648,706,195,452,0.99
2597,716,19551,137,187,239,423,0.99
2598,716,2482,608,141,192,413,0.99
2599,716,3742,132,811,300,303,0.99
2600,716,12080,628,743,202,420,0.99
2601,717,12080,131,137,186,387,0.99
2602,717,3742,508,180,287,278,0.99
2603,717,2482,109,687,215,437,0.99
2604,717,19551,560,640,251,442,0.99
2605,719,1899,130,266,181,136,0.99
2606,719,16547,563,190,207,211,0.99
2607,719,21770,98,816,175,177,0.99
2608,719,31704,613,710,229,420,0.99
2609,720,31704,143,153,215,389,0.99
2610,720,21770,686,293,168,167,0.99
2611,720,16547,180,850,216,222,0.99
2612,720,1899,660,863,190,141,0.99
2613,721,31884,79,181,400,442,0.99
2614,721,35205,590,130,209,361,0.99
2615,721,27732,100,734,286,268,0.99
2616,721,3482,587,762,253,198,0.99
2617,724,3543,140,183,184,186,0.99
2618,724,10220,588,173,195,199,0.99
2619,724,16547,116,744,213,218,0.99
2620,724,31704,583,695,228,420,0.99
2621,725,31704,168,166,221,390,0.99
2622,725,16547,633,310,207,209,0.99
2623,725,10220,165,882,204,210,0.99
2624,725,3543,648,892,194,196,0.99
2625,726,3543,156,189,189,189,0.99
2626,726,10220,616,178,200,200,0.99
2627,726,16547,149,783,210,213,0.99
2628,726,31704,612,734,223,414,0.99
2629,727,25366,54,181,350,407,0.99
2630,727,16231,610,219,166,171,0.99
2631,727,25468,23,822,347,202,0.99
2632,727,3482,583,814,262,181,0.99
2633,728,25366,68,200,362,414,0.99
2634,728,16231,638,226,170,174,0.99
2635,728,25468,60,867,341,198,0.99
2636,728,3482,611,849,257,177,0.99
2637,72,1899,164,232,185,136,0.99
2638,72,16550,661,68,243,448,0.99
2639,72,24849,165,787,162,259,0.99
2640,72,29450,564,857,379,199,0.99
2641,731,3543,109,166,185,186,0.99
2642,731,4542,620,148,182,184,0.99
2643,731,16547,127,776,215,218,0.99
2644,731,29870,612,778,184,209,0.99
2645,732,29870,181,284,180,200,0.99
2646,732,16547,621,274,206,206,0.99
2647,732,4542,144,925,192,195,0.99
2648,732,3543,680,906,196,197,0.99
2649,738,1899,96,267,180,111,0.99
2650,738,16550,604,108,245,432,0.99
2651,738,31704,148,663,224,421,0.99
2652,738,44198,616,778,137,268,0.99
2653,73,3543,80,206,184,187,0.99
2654,73,16550,542,87,308,401,0.99
2655,73,6562,177,688,183,339,0.99
2656,73,12246,601,857,191,114,0.99
2657,740,31704,153,148,215,389,0.99
2658,740,19606,667,279,138,136,0.99
2659,740,16547,134,812,217,220,0.99
2660,740,1899,656,834,151,189,0.99
2661,742,4377,99,134,181,390,0.99
2662,742,25437,577,196,230,233,0.99
2663,742,2482,97,695,214,436,0.99
2664,742,6191,597,575,218,474,0.99
2665,743,6191,127,170,211,473,0.99
2666,743,2482,622,92,214,435,0.99
2667,743,25437,118,837,237,238,0.99
2668,743,4377,660,734,184,410,0.99
2669,745,32309,127,194,202,335,0.99
2670,745,16261,677,280,211,213,0.99
2671,745,3350,358,898,178,182,0.99
2672,747,3350,446,199,167,167,0.99
2673,747,16261,74,808,217,218,0.99
2674,747,32309,650,752,208,363,0.99
2675,750,44198,196,209,133,252,0.99
2676,750,29344,613,147,230,381,0.99
2677,750,16547,161,798,217,220,0.99
2678,750,1899,700,814,109,190,0.99
2679,752,3543,99,202,185,187,0.99
2680,752,16547,568,144,207,210,0.99
2681,752,6562,177,689,182,338,0.99
2682,752,27992,560,786,283,225,0.99
2683,754,3350,382,204,167,168,0.99
2684,754,3831,103,666,336,358,0.99
2685,754,29666,638,770,207,206,0.99
2686,756,29666,136,328,205,209,0.99
2687,756,3831,533,267,327,355,0.99
2688,756,3350,427,896,171,178,0.99
2689,758,3482,164,225,226,205,0.99
2690,758,19860,655,284,200,157,0.99
2691,758,36636,106,914,252,148,0.99
2692,758,31884,604,676,276,510,0.99
2693,759,31884,99,52,270,498,0.99
2694,759,36636,598,201,241,141,0.99
2695,759,19860,96,832,208,162,0.99
2696,759,3482,580,838,239,224,0.99
2697,75,3543,96,215,188,189,0.99
2698,75,16550,570,96,317,410,0.99
2699,75,6562,210,731,179,335,0.99
2700,75,12246,628,889,189,109,0.99
2701,760,1899,168,266,105,183,0.99
2702,760,16547,590,210,209,211,0.99
2703,760,29344,103,725,249,413,0.99
2704,760,33207,666,811,188,189,0.99
2705,761,1899,188,278,106,182,0.99
2706,761,16547,618,220,213,211,0.99
2707,761,29344,142,767,240,409,0.99
2708,761,33207,693,844,185,184,0.99
2709,763,3482,138,313,245,188,0.99
2710,763,27732,580,265,273,256,0.99
2711,763,20237,128,863,205,208,0.99
2712,763,31884,525,653,417,464,0.99
2713,764,31884,60,147,408,450,0.99
2714,764,20237,653,198,201,200,0.99
2715,764,27732,134,781,280,258,0.99
2716,764,3482,615,796,249,196,0.99
2717,766,3482,157,298,186,240,0.99
2718,766,20876,562,303,300,215,0.99
2719,766,36636,178,807,171,243,0.99
2720,766,34596,600,752,373,443,0.99
2721,768,34596,23,50,346,418,0.99
2722,768,36636,610,213,161,232,0.99
2723,768,20876,95,735,307,224,0.99
2724,768,3482,629,723,188,256,0.99
2725,772,1899,113,278,183,107,0.99
2726,772,16550,574,100,242,446,0.99
2727,772,31704,181,706,221,414,0.99
2728,772,33207,650,887,183,184,0.99
2729,773,1899,96,267,180,111,0.99
2730,773,16550,546,91,237,435,0.99
2731,773,31704,149,664,223,419,0.99
2732,773,33207,622,854,187,189,0.99
2733,778,30307,96,184,361,375,0.99
2734,778,16231,638,226,170,174,0.99
2735,778,25468,59,867,342,198,0.99
2736,778,3482,612,849,256,177,0.99
2737,779,3482,139,283,248,169,0.99
2738,779,25468,593,242,333,195,0.99
2739,779,16231,174,862,174,177,0.99
2740,779,30307,536,697,369,381,0.99
2741,780,30307,81,165,351,366,0.99
2742,780,16231,610,219,166,171,0.99
2743,780,25468,23,822,347,202,0.99
2744,780,3482,583,813,261,183,0.99
2745,782,3350,349,191,165,171,0.99
2746,782,20013,24,641,313,313,0.99
2747,782,22073,594,735,173,181,0.99
2748,785,3482,146,299,253,153,0.99
2749,785,27652,695,266,184,177,0.99
2750,785,35205,130,704,159,388,0.99
2751,785,25366,575,711,334,449,0.99
2752,787,3482,162,227,226,205,0.99
2753,787,19860,653,284,200,157,0.99
2754,787,20237,126,865,204,207,0.99
2755,787,34596,574,676,294,474,0.99
2756,788,34596,120,90,274,453,0.99
2757,788,20237,626,192,195,198,0.99
2758,788,19860,99,833,207,162,0.99
2759,788,3482,582,837,241,224,0.99
2760,797,3543,154,197,184,185,0.99
2761,797,4542,610,195,184,184,0.99
2762,797,16550,60,548,261,445,0.99
2763,797,27992,508,864,308,145,0.99
2764,798,3543,171,204,188,188,0.99
2765,798,4542,639,199,187,186,0.99
2766,798,16550,88,597,263,439,0.99
2767,798,27992,536,903,304,138,0.99
2768,799,28762,180,186,185,187,0.99
2769,799,20237,655,196,200,200,0.99
2770,799,19860,134,872,203,156,0.99
2771,799,3482,611,870,234,222,0.99
2772,79,16261,141,306,216,219,0.99
2773,79,19231,514,248,301,238,0.99
2774,79,3350,397,854,170,176,0.99
2775,807,3482,170,221,225,207,0.99
2776,807,19860,660,284,200,158,0.99
2777,807,29666,132,848,205,210,0.99
2778,807,25366,662,730,239,478,0.99
2779,808,3543,116,213,189,188,0.99
2780,808,16550,632,68,290,427,0.99
2781,808,6562,204,724,179,335,0.99
2782,808,29870,642,834,148,226,0.99
2783,80,3350,370,201,164,174,0.99
2784,80,19231,104,707,315,253,0.99
2785,80,16261,584,704,219,224,0.99
2786,810,3543,100,204,185,186,0.99
2787,810,16550,604,60,283,418,0.99
2788,810,6562,171,682,184,339,0.99
2789,810,29870,614,796,152,233,0.99
2790,815,3350,372,177,163,169,0.99
2791,815,20237,109,719,209,214,0.99
2792,815,32309,534,623,251,339,0.99
2793,817,30307,108,171,336,395,0.99
2794,817,16231,656,237,174,170,0.99
2795,817,27652,107,860,187,189,0.99
2796,817,3482,598,852,260,155,0.99
2797,818,3482,147,299,253,153,0.99
2798,818,27652,696,266,183,178,0.99
2799,818,16231,153,853,177,179,0.99
2800,818,30307,548,690,345,401,0.99
2801,819,30307,93,154,325,384,0.99
2802,819,16231,627,226,170,172,0.99
2803,819,27652,72,820,193,191,0.99
2804,819,3482,570,815,264,163,0.99
2805,820,4377,153,139,183,389,0.99
2806,820,3742,496,163,287,281,0.99
2807,820,2482,113,720,171,442,0.99
2808,820,19551,519,676,265,437,0.99
2809,822,19551,164,158,252,416,0.99
2810,822,2482,640,107,157,415,0.99
2811,822,3742,143,827,301,303,0.99
2812,822,4377,607,732,203,418,0.99
2813,826,38161,192,218,223,237,0.99
2814,826,18146,555,336,266,360,0.99
2815,826,3350,417,869,171,177,0.99
2816,828,3350,390,244,167,168,0.99
2817,828,18146,144,588,274,386,0.99
2818,828,38161,564,872,226,235,0.99
2819,829,28762,106,176,185,184,0.99
2820,829,36636,642,184,163,232,0.99
2821,829,27776,153,781,159,196,0.99
2822,829,3482,545,781,248,211,0.99
2823,82,19551,156,197,241,428,0.99
2824,82,2482,649,136,160,416,0.99
2825,82,3742,135,852,300,304,0.99
2826,82,22361,624,760,239,378,0.99
2827,830,3482,187,285,235,197,0.99
2828,830,27776,650,299,152,184,0.99
2829,830,36636,141,836,174,243,0.99
2830,830,28762,684,900,193,194,0.99
2831,831,28762,122,182,187,187,0.99
2832,831,36636,672,188,167,237,0.99
2833,831,27776,186,819,156,193,0.99
2834,831,3482,574,817,243,206,0.99
2835,832,18109,74,136,268,269,0.99
2836,832,16547,616,170,212,211,0.99
2837,832,21025,146,876,162,163,0.99
2838,832,1899,632,899,187,122,0.99
2839,838,1899,148,248,180,113,0.99
2840,838,16547,601,170,208,210,0.99
2841,838,27925,104,636,228,448,0.99
2842,838,33207,598,808,189,190,0.99
2843,83,22361,101,144,220,353,0.99
2844,83,3742,505,142,285,278,0.99
2845,83,2482,112,685,167,450,0.99
2846,83,19551,538,630,252,440,0.99
2847,842,3482,138,314,246,187,0.99
2848,842,27732,581,265,272,254,0.99
2849,842,16261,169,813,215,221,0.99
2850,842,34596,499,685,416,400,0.99
2851,851,22626,153,203,223,422,0.99
2852,851,2482,648,136,162,416,0.99
2853,851,3742,135,853,300,303,0.99
2854,851,22361,624,760,238,378,0.99
2855,855,12777,131,192,215,445,0.99
2856,855,2482,640,108,157,415,0.99
2857,855,3742,144,827,300,303,0.99
2858,855,4377,607,732,202,418,0.99
2859,857,3350,347,141,164,172,0.99
2860,857,16261,106,689,219,224,0.99
2861,857,31862,582,754,193,197,0.99
2862,858,3350,388,196,167,168,0.99
2863,858,16261,148,779,218,219,0.99
2864,858,31862,620,842,191,192,0.99
2865,85,1899,170,265,106,182,0.99
2866,85,16547,580,258,207,212,0.99
2867,85,21770,156,855,174,177,0.99
2868,85,29344,601,695,242,415,0.99
2869,861,19551,101,144,274,403,0.99
2870,861,2482,580,176,268,397,0.99
2871,861,25437,131,841,241,245,0.99
2872,861,12080,669,734,215,417,0.99
2873,862,34596,92,155,401,387,0.99
2874,862,36636,682,182,153,241,0.99
2875,862,25468,99,839,302,284,0.99
2876,862,3482,611,850,256,176,0.99
2877,864,34596,78,129,389,390,0.99
2878,864,36636,652,179,150,235,0.99
2879,864,25468,61,796,310,283,0.99
2880,864,3482,582,814,262,181,0.99
2881,866,3350,315,181,165,173,0.99
2882,866,16687,53,544,383,535,0.99
2883,866,3831,496,570,357,352,0.99
2884,867,3350,356,239,167,167,0.99
2885,867,16687,93,641,383,541,0.99
2886,867,3831,537,669,353,344,0.99
2887,868,31884,43,75,354,485,0.99
2888,868,16231,656,237,174,170,0.99
2889,868,27652,107,860,187,189,0.99
2890,868,3482,598,852,260,155,0.99
2891,869,31884,33,60,339,473,0.99
2892,869,16231,627,227,170,172,0.99
2893,869,27652,72,820,194,191,0.99
2894,869,3482,570,815,263,163,0.99
2895,86,29344,142,171,227,383,0.99
2896,86,21770,630,257,167,167,0.99
2897,86,16547,166,778,214,219,0.99
2898,86,1899,697,816,109,190,0.99
2899,870,3482,147,299,253,152,0.99
2900,870,27652,696,266,183,178,0.99
2901,870,16231,153,853,177,179,0.99
2902,870,31884,595,691,367,500,0.99
2903,873,3350,352,231,167,167,0.99
2904,873,16687,93,641,383,542,0.99
2905,873,18146,636,687,252,395,0.99
2906,874,31884,159,169,385,455,0.99
2907,874,16231,634,226,171,172,0.99
2908,874,20876,96,735,307,223,0.99
2909,874,3482,630,721,188,256,0.99
2910,875,31884,175,193,397,460,0.99
2911,875,16231,663,238,174,166,0.99
2912,875,20876,128,780,305,214,0.99
2913,875,3482,658,755,186,252,0.99
2914,878,34596,93,150,276,458,0.99
2915,878,36636,650,217,169,235,0.99
2916,878,27652,108,861,188,189,0.99
2917,878,3482,600,852,259,154,0.99
2918,879,34596,79,125,265,456,0.99
2919,879,36636,621,211,166,230,0.99
2920,879,27652,74,821,193,191,0.99
2921,879,3482,571,815,265,162,0.99
2922,880,13394,89,125,190,430,0.99
2923,880,5093,522,172,244,246,0.99
2924,880,2482,90,690,191,446,0.99
2925,880,23222,544,639,236,454,0.99
2926,882,23222,163,132,229,449,0.99
2927,882,2482,650,87,192,442,0.99
2928,882,5093,160,849,250,253,0.99
2929,882,13394,659,700,200,452,0.99
2930,883,28762,152,238,187,188,0.99
2931,883,16231,638,226,171,174,0.99
2932,883,25468,59,868,342,198,0.99
2933,883,3482,612,848,256,178,0.99
2934,886,31862,171,292,188,191,0.99
2935,886,35205,558,274,235,368,0.99
2936,886,3350,419,900,171,178,0.99
2937,888,3350,389,213,168,167,0.99
2938,888,35205,177,658,234,376,0.99
2939,888,31862,618,843,191,191,0.99
2940,889,3482,156,299,187,240,0.99
2941,889,20876,561,302,300,216,0.99
2942,889,16231,145,853,178,180,0.99
2943,889,28762,727,897,193,193,0.99
2944,88,1899,138,238,186,123,0.99
2945,88,16550,627,71,239,447,0.99
2946,88,18109,94,813,267,269,0.99
2947,88,31704,631,754,222,415,0.99
2948,891,28762,66,180,184,183,0.99
2949,891,16231,634,226,171,172,0.99
2950,891,20876,96,735,307,224,0.99
2951,891,3482,630,722,189,255,0.99
2952,894,25366,45,54,354,400,0.99
2953,894,36636,610,213,161,232,0.99
2954,894,20876,95,735,307,224,0.99
2955,894,3482,628,723,189,255,0.99
2956,895,3543,100,227,185,187,0.99
2957,895,16550,554,57,248,429,0.99
2958,895,21025,107,827,165,167,0.99
2959,895,10220,594,781,203,207,0.99
2960,896,3543,117,238,189,189,0.99
2961,896,16550,581,64,255,441,0.99
2962,896,21025,141,862,162,164,0.99
2963,896,10220,622,820,199,200,0.99
2964,897,10220,182,281,195,200,0.99
2965,897,21025,687,292,159,159,0.99
2966,897,16550,142,741,266,454,0.99
2967,897,3543,688,842,194,196,0.99
2968,898,3543,127,178,184,185,0.99
2969,898,12246,625,211,157,177,0.99
2970,898,16547,82,786,215,219,0.99
2971,898,27925,582,606,212,450,0.99
2972,89,1899,122,230,181,126,0.99
2973,89,16550,599,63,233,437,0.99
2974,89,18109,59,769,271,278,0.99
2975,89,31704,603,715,227,421,0.99
2976,8,22346,139,226,184,184,0.99
2977,8,20237,634,184,199,200,0.99
2978,8,27652,108,860,189,190,0.99
2979,8,3482,600,851,259,156,0.99
2980,900,3543,142,183,189,189,0.99
2981,900,12246,654,211,160,178,0.99
2982,900,16547,117,829,210,213,0.99
2983,900,27925,610,651,209,442,0.99
2984,904,30307,178,74,229,441,0.99
2985,904,20237,653,198,201,200,0.99
2986,904,27732,134,781,280,258,0.99
2987,904,3482,614,796,251,196,0.99
2988,906,3482,138,313,246,188,0.99
2989,906,27732,580,265,273,254,0.99
2990,906,20237,128,863,205,208,0.99
2991,906,30307,585,739,237,449,0.99
2992,908,3350,314,200,165,174,0.99
2993,908,20237,126,724,208,212,0.99
2994,908,31862,582,754,193,197,0.99
2995,90,31704,154,148,214,390,0.99
2996,90,18109,631,230,261,266,0.99
2997,90,16550,116,730,242,459,0.99
2998,90,1899,669,910,192,132,0.99
2999,910,3482,190,284,235,198,0.99
3000,910,27776,652,301,152,184,0.99
3001,910,29666,140,888,205,211,0.99
3002,910,25366,543,717,399,403,0.99
3003,912,25366,47,132,377,384,0.99
3004,912,29666,611,168,196,202,0.99
3005,912,27776,151,779,159,197,0.99
3006,912,3482,542,782,248,211,0.99
3007,914,3350,377,131,166,172,0.99
3008,914,35205,57,623,313,338,0.99
3009,914,13899,562,714,188,236,0.99
3010,915,3350,418,186,170,167,0.99
3011,915,35205,101,717,309,334,0.99
3012,915,13899,602,803,183,233,0.99
3013,916,3482,138,313,246,188,0.99
3014,916,27732,581,265,272,254,0.99
3015,916,16231,151,898,179,181,0.99
3016,916,25366,535,696,408,392,0.99
3017,919,3482,137,314,245,188,0.99
3018,919,27732,579,265,272,257,0.99
3019,919,36636,112,890,247,163,0.99
3020,919,30307,518,692,325,412,0.99
3021,91,27925,181,165,206,421,0.99
3022,91,19606,700,306,138,135,0.99
3023,91,16547,137,874,217,221,0.99
3024,91,1899,643,902,190,118,0.99
3025,920,30307,141,140,307,396,0.99
3026,920,36636,600,210,234,156,0.99
3027,920,27732,101,734,285,268,0.99
3028,920,3482,588,761,253,198,0.99
3029,923,3482,158,298,185,240,0.99
3030,923,20876,562,302,300,216,0.99
3031,923,16261,126,845,217,221,0.99
3032,923,25366,572,727,386,415,0.99
3033,925,3482,162,227,226,205,0.99
3034,925,19860,653,284,200,157,0.99
3035,925,16231,156,906,175,177,0.99
3036,925,34596,516,644,389,424,0.99
3037,927,34596,80,166,370,408,0.99
3038,927,16231,626,178,166,170,0.99
3039,927,19860,98,832,208,163,0.99
3040,927,3482,582,838,240,223,0.99
3041,929,31884,40,59,367,468,0.99
3042,929,16231,610,219,166,171,0.99
3043,929,25468,23,823,347,201,0.99
3044,929,3482,583,813,261,182,0.99
3045,930,3482,139,282,248,171,0.99
3046,930,25468,593,242,333,196,0.99
3047,930,16231,174,863,174,177,0.99
3048,930,31884,567,701,387,484,0.99
3049,931,1899,188,277,106,183,0.99
3050,931,16550,496,258,449,238,0.99
3051,931,19606,174,925,140,141,0.99
3052,931,29344,592,735,279,394,0.99
3053,932,1899,168,266,105,183,0.99
3054,932,16550,470,235,440,243,0.99
3055,932,19606,138,893,143,143,0.99
3056,932,29344,563,696,287,399,0.99
3057,933,29344,137,183,268,371,0.99
3058,933,19606,677,259,138,137,0.99
3059,933,16550,38,751,456,252,0.99
3060,933,1899,700,814,109,190,0.99
3061,936,19551,155,239,233,431,0.99
3062,936,2482,611,137,218,408,0.99
3063,936,25437,118,849,242,246,0.99
3064,936,4377,672,736,182,419,0.99
3065,937,6191,163,152,216,455,0.99
3066,937,2482,640,108,156,415,0.99
3067,937,3742,143,827,301,303,0.99
3068,937,4377,607,732,202,418,0.99
3069,938,6191,159,110,220,469,0.99
3070,938,2482,649,61,161,441,0.99
3071,938,3742,142,817,295,295,0.99
3072,938,4377,601,728,192,410,0.99
3073,940,18146,221,247,183,383,0.99
3074,940,16231,652,329,173,177,0.99
3075,940,3350,431,906,171,177,0.99
3076,941,3350,336,150,164,171,0.99
3077,941,16231,98,718,177,179,0.99
3078,941,18146,535,572,179,413,0.99
3079,942,3350,376,206,168,168,0.99
3080,942,16231,141,807,175,177,0.99
3081,942,18146,573,664,182,413,0.99
3082,945,3482,162,226,227,205,0.99
3083,945,19860,653,284,200,156,0.99
3084,945,20237,126,865,204,207,0.99
3085,945,25366,678,663,240,476,0.99
3086,947,3482,147,299,253,152,0.99
3087,947,27652,696,266,183,177,0.99
3088,947,16231,152,852,178,180,0.99
3089,947,28762,611,896,193,193,0.99
3090,948,28762,193,185,188,187,0.99
3091,948,16231,656,236,174,170,0.99
3092,948,27652,107,860,188,189,0.99
3093,948,3482,598,851,260,156,0.99
3094,949,3482,157,298,186,240,0.99
3095,949,20876,562,303,299,215,0.99
3096,949,16261,126,846,217,221,0.99
3097,949,30307,525,736,378,375,0.99
3098,950,30307,84,134,357,359,0.99
3099,950,16261,615,194,207,211,0.99
3100,950,20876,96,736,307,223,0.99
3101,950,3482,629,723,189,255,0.99
3102,951,30307,98,150,368,368,0.99
3103,951,16261,643,201,212,213,0.99
3104,951,20876,128,780,304,215,0.99
3105,951,3482,657,755,186,254,0.99
3106,952,3482,139,283,247,170,0.99
3107,952,25468,593,242,333,195,0.99
3108,952,16261,184,843,216,223,0.99
3109,952,30307,585,663,343,401,0.99
3110,953,30307,59,178,323,386,0.99
3111,953,16261,560,196,207,212,0.99
3112,953,25468,23,822,348,202,0.99
3113,953,3482,583,813,260,182,0.99
3114,954,30307,74,197,333,397,0.99
3115,954,16261,588,203,211,213,0.99
3116,954,25468,59,868,342,197,0.99
3117,954,3482,612,849,256,177,0.99
3118,956,1899,166,259,184,109,0.99
3119,956,16550,615,0,261,436,0.99
3120,956,19606,150,870,140,141,0.99
3121,956,27925,612,697,209,443,0.99
3122,957,27925,181,165,206,421,0.99
3123,957,19606,700,306,138,134,0.99
3124,957,16550,105,807,264,456,0.99
3125,957,1899,643,902,190,117,0.99
3126,95,3350,348,190,163,170,0.99
3127,95,29666,72,752,208,214,0.99
3128,95,32309,509,726,361,224,0.99
3129,962,1899,154,245,163,170,0.99
3130,962,16550,643,129,236,440,0.99
3131,962,19606,150,855,142,143,0.99
3132,962,29450,487,791,366,252,0.99
3133,966,31704,154,148,214,390,0.99
3134,966,18109,631,230,261,266,0.99
3135,966,16547,141,861,218,221,0.99
3136,966,1899,669,910,191,133,0.99
3137,967,41767,137,311,233,277,0.99
3138,967,29666,599,315,205,208,0.99
3139,967,3350,416,894,170,179,0.99
3140,968,3350,349,164,167,172,0.99
3141,968,29666,121,707,210,213,0.99
3142,968,41767,566,628,243,290,0.99
3143,972,1899,148,249,180,112,0.99
3144,972,16550,590,30,286,412,0.99
3145,972,21770,133,780,174,176,0.99
3146,972,27925,585,651,212,450,0.99
3147,973,1899,190,276,107,182,0.99
3148,973,16550,588,101,260,439,0.99
3149,973,21770,191,891,171,172,0.99
3150,973,29344,629,734,236,409,0.99
3151,974,1899,170,265,106,182,0.99
3152,974,16550,561,91,252,430,0.99
3153,974,21770,156,855,175,177,0.99
3154,974,29344,601,695,242,415,0.99
3155,975,29344,141,171,228,383,0.99
3156,975,21770,630,257,168,167,0.99
3157,975,16550,132,708,268,450,0.99
3158,975,1899,697,816,109,190,0.99
3159,979,3350,402,165,165,172,0.99
3160,979,18356,81,560,263,317,0.99
3161,979,22073,592,717,173,180,0.99
3162,97,29344,138,183,268,371,0.99
3163,97,19606,677,259,138,137,0.99
3164,97,16547,114,830,216,221,0.99
3165,97,1899,700,814,109,190,0.99
3166,980,22073,178,319,169,177,0.99
3167,980,18356,588,317,254,301,0.99
3168,980,3350,363,880,170,177,0.99
3169,982,23222,143,168,220,435,0.99
3170,982,2482,677,150,175,418,0.99
3171,982,3742,129,854,301,302,0.99
3172,982,13394,652,707,204,461,0.99
3173,983,23222,139,122,224,449,0.99
3174,983,2482,688,107,169,445,0.99
3175,983,3742,128,843,295,296,0.99
3176,983,13394,646,706,193,453,0.99
3177,984,13394,109,118,183,432,0.99
3178,984,3742,510,140,286,281,0.99
3179,984,2482,74,671,169,445,0.99
3180,984,23222,574,649,230,454,0.99
3181,985,1899,147,225,182,137,0.99
3182,985,16547,585,194,208,210,0.99
3183,985,24849,130,750,167,262,0.99
3184,985,29450,535,817,387,208,0.99
3185,986,29450,66,248,367,199,0.99
3186,986,24849,666,271,157,245,0.99
3187,986,16547,157,846,216,220,0.99
3188,986,1899,643,905,191,142,0.99
3189,988,22346,168,188,184,186,0.99
3190,988,36636,627,207,247,138,0.99
3191,988,19860,132,872,203,156,0.99
3192,988,3482,608,872,234,221,0.99
3193,989,22346,150,182,181,182,0.99
3194,989,36636,598,201,242,140,0.99
3195,989,19860,96,832,208,162,0.99
3196,989,3482,580,838,240,224,0.99
3197,990,3482,164,225,226,205,0.99
3198,990,19860,655,284,200,156,0.99
3199,990,36636,105,914,254,148,0.99
3200,990,22346,641,894,190,193,0.99
3201,991,3543,100,227,185,187,0.99
3202,991,16547,582,229,207,211,0.99
3203,991,21025,107,827,164,166,0.99
3204,991,10220,594,781,202,207,0.99
3205,993,3543,117,238,189,188,0.99
3206,993,16547,610,241,212,211,0.99
3207,993,21025,142,862,161,164,0.99
3208,993,10220,622,820,199,200,0.99
3209,994,3482,146,299,254,153,0.99
3210,994,27652,696,266,183,177,0.99
3211,994,16261,134,855,216,222,0.99
3212,994,30307,532,767,347,403,0.99
3213,996,30307,123,92,336,394,0.99
3214,996,16261,636,191,211,213,0.99
3215,996,27652,107,860,188,189,0.99
3216,996,3482,598,852,260,155,0.99
3217,997,1899,154,245,163,169,0.99
3218,997,16550,607,81,234,439,0.99
3219,997,21770,131,811,174,177,0.99
3220,997,29450,472,821,388,201,0.99
3221,998,1899,174,254,164,170,0.99
3222,998,16550,636,90,239,449,0.99
3223,998,21770,165,847,171,171,0.99
3224,998,29450,502,861,381,194,0.99
3225,999,29450,124,251,371,191,0.99
3226,999,21770,656,297,168,168,0.99
3227,999,16550,107,710,244,459,0.99
3228,999,1899,655,849,168,178,0.99
3229,9,22346,121,217,182,182,0.99
3230,9,20237,604,180,196,198,0.99
3231,9,27652,73,821,201,191,0.99
3232,9,3482,571,815,264,164,0.99
